1,2202,12,1993,7.86E+06,-0.044543,-0.20394,-0.10599,1.2739,0.41693,89.94,-0.004759857,-0.002647153,-0.006349171,0.556141267,-0.044542527,0.001273871,0.398347301,0.175983932,0.416928901,1.062267037,0.422095785,-0.106834826,-0.144550441,-0.203936362,-0.105987642
1,8702,12,1994,1.13E+07,-0.10025,-0.1262,-0.076275,1.1997,0.49538,83.11,0.000718461,0.000476219,0.000961323,0.662831953,-0.100250544,0.001199708,0.493251929,0.238795877,0.495378206,1.1980795,0.482047603,-0.20237173,-0.117509283,-0.126199631,-0.076275199
1,2309,13,1991,2.94E+06,0.2261,-0.012756,0.036274,2.1759,0.82139,167.8,-0.218408457,-0.106254597,-0.129359068,0.486494886,0.226095149,0.00217664,0.559551474,0.257642312,0.821392722,0.405964547,0.3136652,0.275258282,0.000137173,-0.012756447,0.03627403
1,1107,1,2000,1.79E+07,-0.036436,-0.089638,-0.11524,0.11243,0.31699,88.39,-0.063801323,-0.036510992,-0.115180383,0.572260736,-0.036436266,0.000112428,0.277481552,0.051556126,0.316989675,0.990309284,0.162642919,-0.114944647,-0.14543421,-0.089637701,-0.115240454
1,1918,9,1997,9.56E+06,-0.27461,-0.16755,-0.034403,0.70648,0.39071,43.86,-0.00448141,-0.002898949,-0.007419748,0.64688329,-0.274612075,0.000706485,0.214535428,0.149081503,0.390707257,1.251953974,0.381568297,-0.702858905,-0.070553546,-0.167547036,-0.034402957
1,2206,12,1999,2.04E+07,0.15877,0.15835,0.058525,2.3426,1.655,167.43,0.039920887,0.016031397,0.009686915,0.401579186,0.158771557,0.002342608,0.394231292,0.261814176,1.654953914,0.142275705,0.158200282,0.095937147,0.050975656,0.158350433,0.058525007
1,2101,11,1999,1.19E+07,-0.31336,-0.064812,-0.044279,1.389,0.33963,35.04,-0.039460225,-0.028561932,-0.084096867,0.723815756,-0.313362147,0.001389152,0.169019612,0.113152652,0.339631348,1.420309881,0.333163157,-0.922653781,-0.069401184,-0.064812368,-0.044278936
1,3142,13,2005,9.95E+06,0.022957,-0.22012,-0.15543,0.17024,0.38643,110.38,-0.029759984,-0.023514404,-0.060850639,0.790134955,0.022957139,0.000170371,0.244185842,0.166426137,0.386428214,0.572496249,0.430678017,0.059408547,-0.177148282,-0.220124126,-0.155432447
1,8017,13,2005,2.23E+07,0.038974,0.0047367,0.0048046,1.0821,0.29347,113.1,0.129618335,0.063610696,0.216752571,0.490753843,0.038974325,0.001082061,0.336483364,0.302326361,0.293471471,1.013757957,1.030172917,0.132804478,-0.001150249,0.004736698,0.004804595
1,1601,6,1998,6.99E+06,-0.138,-0.31659,-0.38692,0.77831,0.57588,76.87,-0.022678472,-0.018508876,-0.032140397,0.816143005,-0.138004556,0.000778308,0.458573923,0.140048913,0.575875784,1.035949931,0.243192919,-0.239642922,-0.427390463,-0.316594324,-0.386916057
1,1602,6,2001,8.67E+07,-0.094245,-0.14957,0.024661,0.42466,0.26569,80.78,0.026033598,0.017844727,0.067164429,0.685449924,-0.094244659,0.000424661,0.396134896,0.124516822,0.265687174,1.845702776,0.468659514,-0.354720394,-0.069150329,-0.149568542,0.02466118
1,1604,6,2005,2.56E+07,0.063889,-0.19736,-0.24057,0.3903,0.96287,114.43,0.001749797,0.001056789,0.001097541,0.603949204,0.063888656,0.000390298,0.506529844,0.22970328,0.962868993,0.459710709,0.238561301,0.066352387,-0.255356378,-0.197357747,-0.240569787
1,1606,6,2007,3.34E+07,0.25613,0.020653,0.037648,0.41845,0.80503,173.38,-0.00597271,-0.004057267,-0.005039878,0.679300883,0.256127576,0.000418454,0.605157811,0.389098619,0.805032921,0.4335602,0.483332555,0.318157891,0.017309022,0.020652523,0.037648483
1,1613,6,2000,1.69E+07,-0.17827,0.015079,0.038504,0.15498,0.60262,67.43,-0.008098605,-0.004941979,-0.008200764,0.61022599,-0.178268432,0.000154978,0.369049078,0.235945185,0.602624292,0.908223445,0.391529496,-0.29582019,0.004147967,0.015078721,0.038504477
1,6101,32,2007,3.25E+06,-0.020691,-0.043968,0.015981,0.67575,1.0199,96.27,-0.006651619,-0.004431342,-0.004345028,0.666205075,-0.020691204,0.000675754,0.533572634,0.362564293,1.019865085,0.543467804,0.355502212,-0.020288178,0.011748404,-0.043968309,0.015981305
1,8707,5,1997,7.96E+06,0.31324,0.13176,0.16288,4.091,0.47508,177.68,-0.012947119,-0.009855239,-0.020744468,0.761191654,0.313244953,0.004091187,0.716495266,0.255111671,0.475077911,0.848808803,0.536989123,0.65935491,0.116131259,0.131760943,0.16287621
1,9903,20,1992,1.06E+07,0.1056,0.0067599,0.045258,0.71037,0.85607,122.43,0.025603777,0.013696157,0.015998813,0.534927197,0.10559706,0.000710368,0.576392735,0.311989116,0.856073305,0.549947852,0.364442057,0.123350488,0.003916196,0.006759926,0.045258122
1,5901,18,1998,1.75E+07,-0.021986,0.02572,0.050446,0.54327,0.49893,95.47,-0.002664143,-0.00175069,-0.003508908,0.657130484,-0.021986489,0.000543273,0.463029552,0.09410743,0.498927168,0.972117921,0.188619574,-0.044067532,0.012936739,0.025719531,0.050446058
1,3252,16,2007,7.79E+05,0.30866,-0.90613,-0.98484,2.1623,2.9119,154.54,0.060777967,0.039606835,0.013601901,0.65166435,0.30866202,0.002164306,0.874592487,0.228012259,2.911860214,0.194353583,0.078304672,0.106001661,-1.02246237,-0.906133831,-0.984842685
1,2322,13,1998,2.82E+07,0.21796,-0.018406,-0.017398,0.9431,1.0681,163.77,-0.073068127,-0.044813278,-0.041954289,0.613308154,0.217960036,0.00094316,0.559771529,0.354355288,1.068145327,0.320004671,0.331748199,0.204054664,-0.033605104,-0.018405658,-0.017397866
1,1206,2,1998,3.08E+07,0.071673,0.015228,0.069398,1.1639,0.26803,115.68,0.021986814,0.014403247,0.053736666,0.655085669,0.071673098,0.00116399,0.528738877,0.075248609,0.268033869,1.70525382,0.280742912,0.267403141,0.057771456,0.015228484,0.069397845
1,1228,2,1997,2.52E+06,0.085138,-0.10301,-0.22388,4.024,0.49059,136.55,-0.138694303,-0.075453271,-0.153800705,0.544025742,0.085138256,0.004024773,0.318055707,0.104487608,0.490591191,0.474768922,0.212983049,0.173542163,-0.19194233,-0.103005418,-0.223880378
1,1230,2,1997,1.47E+06,0.60617,0.055967,-0.077301,4.2666,0.94085,927.88,0.689086871,0.307494536,0.326826354,0.446234791,0.606166794,0.004268089,0.679386308,0.423188953,0.94084988,0.077822738,0.449794343,0.644275784,-0.078734716,0.055967197,-0.077300832
1,6137,13,2004,8.17E+06,0.14584,-0.10397,-0.095517,0.1702,1.3269,122.71,-0.02533252,-0.019110167,-0.014401907,0.754372901,0.145839162,0.000170361,0.78809445,0.368597071,1.326919174,0.484019901,0.277784117,0.109908098,-0.106031721,-0.103969472,-0.095517298
1,6262,13,2004,4.95E+05,0.69125,0.091772,0.00070449,4.6448,0.18517,563.14,0.435910938,0.065168725,0.351938255,0.149500092,0.691247923,0.00464482,0.840501745,0.787139855,0.185170905,0.806032791,4.250883007,3.733026643,0.001499825,0.091771954,0.000704494
1,9801,18,2002,3.32E+07,-0.1122,-0.083386,-0.030925,0.21286,0.28582,71.15,-0.007452017,-0.004964231,-0.017368572,0.666159429,-0.112197842,0.000212862,0.276698143,0.042597304,0.285816876,1.360647387,0.149037049,-0.392551495,-0.066071601,-0.083386343,-0.03092542
1,2306,13,1999,1.17E+08,0.16461,0.12112,0.07546,5.3403,1.552,139.2,-0.003171361,-0.001481707,-0.000954694,0.46721467,0.164613145,0.005340346,0.584528863,0.342259352,1.552022027,0.270560411,0.220524803,0.106063665,0.063535612,0.121121142,0.075460184
1,1209,2,1999,8.07E+06,-0.25527,-0.24556,-0.17253,0.35942,0.60373,50.62,-0.015090935,-0.010919459,-0.018086683,0.723577389,-0.255265764,0.000359418,0.261698173,0.143893003,0.603729226,0.85628443,0.238340296,-0.422814985,-0.228445556,-0.245558669,-0.172532067
1,1225,2,1999,3.48E+06,-0.024308,-0.1498,0.024525,0.56153,1.2543,94.18,0.008294031,0.003533124,0.002816762,0.425983943,-0.024308088,0.000561529,0.393496395,0.236374875,1.254321098,0.333092128,0.188448457,-0.019379478,0.007081773,-0.149799395,0.024524865
1,1203,2,2001,7.24E+06,-0.088714,-0.024157,-0.011928,0.10319,0.42159,71.4,-0.004969846,-0.003434216,-0.008145796,0.691010417,-0.088714196,0.000103388,0.221495575,0.085281639,0.421593632,0.735802791,0.202283983,-0.210425845,-0.034410558,-0.024157244,-0.01192786
1,1207,2,2002,3.31E+07,-0.12808,-0.092506,-0.018307,0.18991,0.28672,56.12,-0.000917588,-0.000651848,-0.002273433,0.710393134,-0.12808094,0.000189909,0.163834489,0.03833489,0.28672428,1.018105023,0.133699489,-0.446704202,-0.058840083,-0.092505622,-0.018307451
1,1221,2,2001,4.71E+06,0.13398,0.087327,0.10781,1.6639,1.3232,128.42,0.02011246,0.010565545,0.007984851,0.525323345,0.133980235,0.00166395,0.605455493,0.443800641,1.323198689,0.356314786,0.33539985,0.101254813,0.079463935,0.087327332,0.107808251
1,1201,2,2013,3.80E+07,0.12186,0.08278,0.035452,1.001,0.76807,126.72,-0.002754725,-0.001919414,-0.002499007,0.696771517,0.121861678,0.001001066,0.577963457,0.168633234,0.76807084,0.593827749,0.219554272,0.158659425,0.018516302,0.082780378,0.035451821
1,1204,2,2004,7.21E+05,0.10075,-0.10075,-0.060556,0.53987,1.3411,118.03,0.002288967,0.001446468,0.001078528,0.631930181,0.100747919,0.000542066,0.659639118,0.334253266,1.34114999,0.41672535,0.249228847,0.075120546,-0.080466864,-0.100753467,-0.060556093
1,4415,2,2006,8.26E+05,-0.10698,-0.49405,-0.13701,3.4011,0.18664,68.68,-0.016749434,-0.006727038,-0.036043343,0.40162781,-0.106979893,0.00340416,0.234620452,0.101954292,0.186637474,1.830288087,0.546269141,-0.573196211,-0.156345819,-0.494054049,-0.137012396
1,1314,3,1999,5.32E+07,-0.098266,0.016466,0.0037912,0.62651,0.22317,49.93,-0.005301705,-0.003391367,-0.015196074,0.639674729,-0.098266001,0.000626514,0.09797309,0.052090291,0.22317386,0.879310377,0.233406775,-0.440311428,-0.005676283,0.016466011,0.003791249
1,2005,10,1997,5.89E+06,0.026593,0.10428,0.12916,3.7533,0.25989,112.14,0.04315997,0.013676121,0.052622164,0.316870485,0.026593088,0.00375325,0.245616164,0.135697476,0.259892785,0.84274396,0.522128678,0.102323304,0.109348389,0.104281205,0.129159327
1,2016,10,1997,3.86E+06,-0.044639,0.069622,0.053569,3.4476,0.61172,90.62,0.131389541,0.065010099,0.10627472,0.494788991,-0.044639357,0.003447573,0.431222061,0.298321738,0.611717427,0.777910513,0.487678992,-0.072973819,0.04406152,0.06962244,0.053568522
1,5002,10,1997,3.69E+06,0.086583,0.022822,0.040333,0.70678,0.80661,119.96,0.015831573,0.009651193,0.01196507,0.609616821,0.086582785,0.000707226,0.520444778,0.301377582,0.806614017,0.537880552,0.373632959,0.107341037,0.009220056,0.02282158,0.04033338
1,5017,10,1997,5.54E+06,-0.10513,0.064759,0.064034,2.9768,0.3459,75.94,0.079269714,0.041553621,0.120131685,0.524205508,-0.105125608,0.002976794,0.33184118,0.20673027,0.345900591,1.263272739,0.597658042,-0.303918555,0.044948922,0.064759295,0.06403431
1,2335,13,2003,1.42E+06,-0.20485,-0.20472,-0.10289,0.60232,0.82586,54.23,-0.005611353,-0.003563887,-0.004315388,0.635120738,-0.204849642,0.000602324,0.242724025,0.125749362,0.825855477,0.541951563,0.152265579,-0.248045388,-0.147483585,-0.204723767,-0.102894216
1,3039,13,2003,2.06E+06,0.14955,0.056672,0.020535,0.84717,1.1748,130.62,0.02227178,0.012887903,0.010970564,0.578665132,0.149546174,0.000847173,0.637863258,0.305458551,1.174771198,0.415669949,0.260015356,0.127298128,0.018956673,0.056671894,0.020534902
1,5325,13,2003,1.21E+07,0.13023,-0.054296,-0.050139,0.55386,1.5695,120.84,-0.109833028,-0.071967975,-0.045852654,0.655248939,0.130231381,0.000553859,0.75505862,0.370910038,1.569548733,0.398093557,0.236316357,0.082973774,-0.05709565,-0.054295934,-0.050138723
1,5376,13,2003,1.29E+06,-0.11872,-0.053598,-0.0084776,0.24679,0.54894,76.4,-0.030329799,-0.022269074,-0.040567592,0.734230836,-0.118720176,0.00024679,0.384409238,0.264846049,0.548937524,0.916551323,0.482470295,-0.216272655,-0.041629597,-0.053598203,-0.008477568
1,3001,13,2002,2.35E+06,0.32139,0.087199,0.094274,1.5264,0.48905,197.6,0.041358682,0.015923652,0.032560282,0.385013528,0.321391586,0.001526448,0.65068508,0.318727162,0.489051427,0.673331016,0.651725247,0.657173394,0.060421659,0.087199333,0.094274293
1,5307,13,2002,1.22E+07,-0.12868,-0.10123,-0.09915,0.27373,0.44042,73.57,-0.069856794,-0.043011043,-0.097660048,0.615703067,-0.128684864,0.000273862,0.358142909,0.204959644,0.440415949,1.105381796,0.465377433,-0.292189381,-0.107143479,-0.1012301,-0.099149829
1,2318,13,2000,5.40E+06,0.12107,-0.086035,-0.072623,0.60076,0.35719,153.36,-0.24685081,-0.097279161,-0.272344477,0.394080785,0.121069877,0.000601234,0.347944486,0.23791439,0.357191604,0.635162209,0.666069379,0.338949393,-0.085084531,-0.086035419,-0.072623142
1,2326,13,2000,8.44E+06,0.041444,-0.2996,-0.011008,0.43653,0.58408,108.44,-0.04662568,-0.028442806,-0.048696546,0.610024477,0.041443657,0.000436533,0.532635039,0.141762264,0.584082624,0.840962154,0.242709265,0.070955128,-0.049700248,-0.299596491,-0.01100784
1,2435,13,2000,4.81E+06,-0.038181,0.072321,0.059746,0.46475,0.71144,89.41,0.001427238,0.000862389,0.001212175,0.604236551,-0.038180674,0.00046509,0.322322428,0.153254419,0.711439954,0.506723161,0.215414412,-0.053666755,0.044121441,0.072321493,0.059745603
1,5336,13,2000,3.56E+06,-0.14393,-0.033089,-0.023819,0.71793,0.43875,54.57,-0.050572433,-0.020802373,-0.047412605,0.411338184,-0.143930917,0.000718612,0.17287009,0.100017292,0.438751953,0.722050364,0.227958625,-0.328046214,-0.03992551,-0.0330887,-0.023818934
1,5385,13,2000,2.72E+06,0.16226,0.016661,0.034858,0.72016,0.40915,147.89,-0.046872428,-0.023149081,-0.056578111,0.493874163,0.162255058,0.000720908,0.50108209,0.31711755,0.4091526,0.828118974,0.775059353,0.396563674,0.008613321,0.016660586,0.034857504
1,2019,10,1999,1.26E+07,-0.0083182,-0.041659,-0.0080387,1.7195,0.41466,96.39,0.008583408,0.003484239,0.008402575,0.405927244,-0.008318248,0.001719535,0.222364459,0.140717041,0.414663264,0.556313342,0.339352562,-0.020060247,-0.041785648,-0.041658659,-0.008038728
1,2028,10,1999,1.09E+07,0.10155,-0.063445,-0.050205,0.37175,0.413,124.28,0.008111596,0.004762587,0.011531604,0.587133239,0.101546265,0.000371911,0.51980331,0.067190605,0.413003053,1.012721436,0.162687913,0.245872916,-0.081942476,-0.063445473,-0.050205035
1,5008,10,1999,1.60E+07,-0.0030143,0.037312,0.049208,0.2589,0.50347,99.15,-0.008761999,-0.006140876,-0.012197106,0.700853298,-0.003014346,0.000258985,0.352953432,0.222164291,0.503469936,0.707028867,0.441266251,-0.005987141,0.032720889,0.037311639,0.049208347
1,2007,10,2000,2.10E+07,-0.24182,0.0019948,0.040681,0.057645,0.68432,42.19,-0.004940936,-0.003406921,-0.004978533,0.689529465,-0.241817952,5.76E-05,0.176491368,0.038901786,0.684322328,0.611275277,0.056847168,-0.353368496,4.46E-05,0.00199482,0.040681177
1,2014,10,2000,2.99E+07,0.075429,-0.06118,-0.015971,0.14293,0.67946,123.71,0.035821392,0.022724131,0.033444362,0.634373215,0.075429024,0.000142934,0.39349692,0.073606199,0.679460758,0.468118125,0.108330317,0.111013069,-0.061163411,-0.061179994,-0.015971319
1,2023,10,2000,2.09E+07,-0.0006351,0.067269,0.066658,0.44214,1.263,99.82,0.080903306,0.039283332,0.031103264,0.485559038,-0.000635097,0.000442243,0.348923945,0.191203177,1.262997072,0.276769479,0.151388457,-0.000502849,0.035423849,0.067269015,0.066657506
1,2024,10,2000,3.42E+06,-0.11203,-0.17612,-0.033494,0.10628,0.49504,64.22,0.000361977,0.000201001,0.000406027,0.55528684,-0.112027724,0.000106804,0.2010566,0.124315377,0.49504319,0.632438401,0.251120264,-0.226298889,-0.075397613,-0.176120778,-0.03349356
1,2025,10,2000,5.16E+06,-0.12032,-0.065841,-0.095583,0.33508,0.53857,70.11,0.083862518,0.040982074,0.076093914,0.488681654,-0.120322601,0.000335474,0.282276641,0.107790886,0.538572293,0.74753055,0.200141908,-0.223410307,-0.104429924,-0.065841257,-0.095582788
1,5006,10,2001,3.14E+06,0.04251,0.028654,0.026378,0.3671,0.67419,108.51,-0.012027421,-0.007153745,-0.010610846,0.594786242,0.042509685,0.000367634,0.542134514,0.196644947,0.674191757,0.74107229,0.291675098,0.063052811,-0.004435111,0.028654186,0.026378298
1,5011,10,2001,1.27E+06,-0.096577,-0.12053,-0.022387,0.557,0.83127,81.05,0.007678963,0.004258373,0.005122726,0.554550478,-0.096577347,0.000557001,0.412978055,0.076804759,0.831270823,0.612983624,0.092394388,-0.116180364,-0.056037921,-0.120533641,-0.022386717
1,2613,15,1999,4.49E+06,-0.065928,-0.13056,-0.22678,0.37718,0.38192,61.9,-0.142082999,-0.095493816,-0.25003584,0.672098817,-0.065927621,0.000377185,0.107113438,0.101510504,0.381920511,0.453081348,0.265789612,-0.172621316,-0.23550396,-0.130558782,-0.226780174
1,1306,3,2000,1.84E+06,-0.0045447,0.042236,0.07167,1.0539,0.86126,98.94,-0.012681182,-0.008478861,-0.009844744,0.668617611,-0.004544713,0.001053851,0.423696773,0.181325845,0.861257666,0.497228069,0.210536117,-0.005276833,0.026704471,0.042235549,0.071670436
1,4303,3,2002,3.03E+06,-0.027261,-0.11532,0.0085286,0.40543,0.84144,92.44,0.001890453,0.001068845,0.00127025,0.565390956,-0.027261494,0.000406015,0.333493528,0.165492291,0.841444962,0.428732761,0.196676311,-0.032398428,-0.020263135,-0.115319991,0.00852863
1,1310,3,2013,1.13E+07,0.082146,0.084119,0.090872,2.2787,1.7998,122.19,0.211550781,0.086885597,0.048274258,0.410707992,0.082146268,0.002278898,0.452401136,0.273767417,1.799832884,0.205716248,0.152107131,0.045641053,0.090088897,0.084119102,0.090871858
1,4304,3,2005,1.69E+06,0.13843,0.01376,-0.01179,0.40627,0.8512,121.95,-0.007802503,-0.005313171,-0.006241957,0.680957293,0.138427389,0.00040714,0.768995268,0.464865855,0.851202823,0.740796273,0.546128188,0.162625622,-0.018211268,0.013759979,-0.011790299
1,5605,15,2006,1.38E+07,-0.11438,-0.080576,-0.0092005,0.42522,0.58609,59.39,-0.007514098,-0.005767143,-0.009840035,0.767509638,-0.114382306,0.000425316,0.16725746,0.120111725,0.586089631,0.480540435,0.204937467,-0.195161798,-0.032380184,-0.080576091,-0.009200476
1,2505,14,1997,3.17E+07,0.41357,0.073773,0.072567,2.842,0.28447,199.75,0.234455575,0.111869484,0.393254176,0.477145761,0.413571888,0.002842028,0.828184084,0.216812973,0.284471191,1.457483955,0.762161441,1.453826963,0.061881017,0.073773001,0.072566563
1,2518,14,1997,3.12E+07,0.43863,0.053342,0.033295,1.9699,0.17669,249.63,-0.128429922,-0.047354489,-0.268014377,0.368718506,0.438634366,0.001969893,0.731786045,0.081135689,0.176686375,1.65916404,0.459207391,2.482559085,0.028487271,0.053342317,0.033294575
1,2529,14,1997,6.09E+06,0.18315,0.063137,-0.015086,0.8499,0.18068,131.16,-0.009705989,-0.006319916,-0.034979211,0.651135664,0.183150047,0.000849902,0.770897596,0.0644333,0.180676336,3.253041117,0.356622796,1.013691392,-0.040516273,0.063136882,-0.015085937
1,8077,16,2012,5.03E+05,-0.18692,-2.1559,-0.28581,0.16577,0.72263,50.74,-0.057565363,-0.053802698,-0.074453815,0.934636654,-0.186918988,0.000167897,0.192502662,0.088371419,0.722631855,0.525055251,0.122291064,-0.258664196,-0.326681657,-2.155915794,-0.285810199
1,1432,18,2004,4.35E+06,-0.15414,-0.31162,-0.0088679,0.33955,0.33065,76.34,-0.001340364,-0.001034693,-0.003129247,0.771949206,-0.154142838,0.000339555,0.497401551,0.070359124,0.330652413,1.970481281,0.212788781,-0.466177872,-0.077779784,-0.311616267,-0.008867944
1,4910,22,2003,5.61E+06,0.15064,-0.096191,-0.14383,1.1395,1.2266,127.84,0.054187551,0.038959392,0.031763295,0.718973113,0.150636916,0.001139476,0.691797427,0.410925663,1.226553873,0.441204029,0.335024553,0.122813126,-0.121719248,-0.096190973,-0.143830883
1,1442,14,1998,7.20E+06,0.21105,0.0092137,0.0088537,1.2956,0.20953,133.25,0.02123276,0.013735491,0.0655536,0.646900888,0.21104865,0.001295644,0.845775896,0.056449502,0.209530695,3.029280484,0.269409226,1.007244547,0.000467832,0.009213714,0.008853672
1,1808,14,1998,1.78E+06,-0.32179,-0.25478,-0.23938,0.60251,0.28729,49.29,-0.095358044,-0.068539452,-0.238575397,0.718758993,-0.321785543,0.000602505,0.312750493,0.102008671,0.287286337,2.208723334,0.355076654,-1.120086485,-0.251875967,-0.254780653,-0.23937534
1,2517,14,1998,2.73E+07,0.16308,0.050235,0.019369,0.27341,0.24161,128.86,0.009714011,0.006918021,0.028633165,0.712169317,0.163081558,0.000273411,0.728234508,0.039044739,0.241608669,2.339125296,0.161603222,0.674982229,0.009912917,0.050235061,0.019369118
1,2525,14,1998,1.58E+07,0.16413,-0.054859,-0.01395,0.86493,0.04169,137.7,-0.341028455,-0.150177117,-3.602269912,0.440365357,0.164133829,0.000865072,0.59946277,0.127606593,0.041689579,10.44215237,3.060875038,3.937046896,-0.044568836,-0.054859109,-0.013950121
1,2528,14,1998,1.51E+07,0.20492,0.060644,0.051581,0.48768,0.476,129.87,0.040072397,0.027714241,0.058223104,0.691604267,0.204916473,0.000487676,0.890973516,0.047942119,0.476000751,1.441294034,0.100718579,0.430496113,0.047776752,0.060644243,0.051581268
1,1718,21,2000,2.19E+07,-0.078439,-0.045956,-0.020527,0.12211,0.29003,73.3,0.001601748,0.001053356,0.003631828,0.657629436,-0.078439038,0.000122176,0.21532565,0.090384074,0.290034801,1.012860135,0.311631823,-0.270446985,-0.048975534,-0.045956128,-0.020527471
1,4707,21,2000,2.21E+06,-0.2224,0.23357,-0.052681,0.29165,0.47419,48.81,-0.014055291,-0.006775484,-0.014288683,0.482059299,-0.222400234,0.000292584,0.212021375,0.149269041,0.474185308,0.916143123,0.314790522,-0.469015446,-0.071644366,0.233567486,-0.052680877
1,1505,5,1999,3.69E+06,-0.30253,-0.16213,-0.12856,1.3592,0.49374,56.97,0.008764515,0.007628003,0.015449302,0.870328021,-0.302529868,0.001359156,0.400558755,0.206585662,0.493744191,1.423993712,0.418406263,-0.612725929,-0.167456767,-0.162128101,-0.128559624
1,5410,30,2007,1.31E+06,0.047568,-0.048583,-0.054228,0.75315,0.61761,107.31,0.540434822,0.363083883,0.587888756,0.671836582,0.047568014,0.00075429,0.698676455,0.675824058,0.617606442,1.054244897,1.094263291,0.077019945,-0.054827993,-0.048583064,-0.054227843
1,6149,30,2007,6.05E+05,-0.0188,-0.14777,-0.11157,1.1706,1.0535,97.21,-0.063222223,-0.04292981,-0.040747916,0.679030382,-0.018800074,0.001170647,0.656103744,0.509695854,1.053546167,0.640602034,0.483790715,-0.017844566,-0.138885216,-0.147767987,-0.111567598
1,1425,4,1995,1.31E+06,-0.092967,-0.17507,0.038825,0.59576,0.93329,86.48,0.004519914,0.003775324,0.004045158,0.835264693,-0.092966691,0.000596676,0.594698035,0.254390659,0.933294706,0.736814129,0.272572701,-0.099611291,-0.008020749,-0.175065279,0.038824918
1,4424,4,1995,2.28E+06,-0.25457,-0.21447,0.0088257,0.66601,0.44055,49.63,-0.036120512,-0.029151839,-0.066170931,0.807071571,-0.254565949,0.000666011,0.250845847,0.085824107,0.440553548,1.147219897,0.194809705,-0.577832026,-0.027802781,-0.214469073,0.008825653
1,2521,14,1999,1.11E+07,0.27843,-0.1054,-0.092717,0.27172,0.051224,166.79,-0.010593764,-0.005738878,-0.112035331,0.541722266,0.278428876,0.000271724,0.6952852,0.011022345,0.051223824,8.137938401,0.215180054,5.435534767,-0.121216644,-0.105398715,-0.092716546
1,2540,14,1999,1.24E+07,0.43904,-0.037874,-0.024754,0.77481,0.061585,213.28,-0.016440591,-0.0088814,-0.144214057,0.540211703,0.439044413,0.000774962,0.826627544,0.106479103,0.061584841,6.293482682,1.728982352,7.129098744,-0.041484789,-0.037874208,-0.024754182
1,5503,14,1999,8.01E+06,0.16604,-0.027936,-0.033861,0.28581,0.15862,124.99,-0.0078131,-0.005865308,-0.036977402,0.750701785,0.166036287,0.000285979,0.830524632,0.04043546,0.158618728,4.18921747,0.254922355,1.046763454,-0.04900425,-0.027936398,-0.033860529
1,5504,14,1999,3.12E+06,-0.067316,0.040323,0.043085,0.74713,0.59856,84.43,-0.013322396,-0.008520864,-0.014235716,0.639589482,-0.067316398,0.000747627,0.364893681,0.240872438,0.598555343,0.722088748,0.402423003,-0.112464784,0.008003243,0.040322811,0.043085381
1,9906,14,1999,6.05E+06,-0.075836,-0.20769,-0.064235,0.27087,0.52332,83.2,-0.01407469,-0.008609498,-0.016451598,0.611700703,-0.075836001,0.00027087,0.375644655,0.155463406,0.523322889,0.862719108,0.297069761,-0.144912448,-0.118895549,-0.207685856,-0.064234812
1,8705,20,1997,1.15E+07,0.018537,0.06553,0.072137,1.7083,0.19376,103.23,0.060716793,0.040338677,0.208184807,0.664374301,0.018537203,0.001708414,0.592899171,0.277756509,0.19376379,2.964237894,1.433479953,0.095669075,0.038137643,0.065530422,0.072137077
1,2506,14,2000,4.98E+07,0.13986,0.015161,0.023359,0.13741,0.3566,124.38,0.013184778,0.009137969,0.025625466,0.693069621,0.139857032,0.000137437,0.713629454,0.133407635,0.356597186,1.609021174,0.374112977,0.392198922,-0.004993039,0.015161375,0.023359152
1,2530,14,2000,2.06E+07,0.28814,0.024516,-0.0079458,0.070744,0.060246,150.43,-0.041038226,-0.027760034,-0.460779947,0.676443327,0.288138558,7.08E-05,0.859512182,0.034412346,0.060245751,9.484048438,0.571199555,4.782719958,-0.012944408,0.024515662,-0.007945838
1,5502,14,2000,4.85E+06,-0.062454,-0.025433,0.0094334,0.062829,0.43242,90.19,-0.007140557,-0.004682314,-0.010828254,0.655735155,-0.06245441,6.31E-05,0.57398788,0.064703693,0.432416365,1.471827483,0.149632849,-0.14443119,-0.017869837,-0.025433433,0.009433432
1,5505,14,2000,5.30E+06,0.22799,0.0055315,-0.0044708,0.71097,0.53964,134.65,0.034170844,0.022716355,0.04209526,0.664787651,0.227991575,0.000710971,0.886067182,0.132916468,0.539641635,1.219467818,0.246305066,0.422486999,-0.019875585,0.00553147,-0.0044708
1,5529,14,2000,1.77E+06,0.058918,-0.23551,-0.070365,0.17967,0.13807,108.16,0.031498613,0.024514124,0.177549179,0.778260426,0.058918023,0.000179673,0.781172666,0.376902471,0.138069487,5.231095302,2.729802796,0.426727324,-0.160459621,-0.235506321,-0.070365127
1,2512,14,2001,6.87E+06,-0.12518,-0.92475,-0.30973,0.13745,0.91459,72.27,-0.011421982,-0.005785254,-0.006325548,0.506501784,-0.125176183,0.000137742,0.326208673,0.016996151,0.914585497,0.493540361,0.018583447,-0.136866573,-0.367444341,-0.924747561,-0.30972667
1,9922,20,1998,6.55E+06,0.0061115,0.028628,0.032396,1.5271,0.47354,101.37,0.032914506,0.015194019,0.032085756,0.461620745,0.006111519,0.001527417,0.453487976,0.203744105,0.473544045,0.944740965,0.430253758,0.012905914,0.009297078,0.028627761,0.03239601
1,1431,4,1998,1.80E+07,0.19954,-0.073311,-0.05993,0.27125,0.091087,127.91,0.03150384,0.023345283,0.256296792,0.741029742,0.199535645,0.000271326,0.914547975,0.065693443,0.091086909,7.849781434,0.721217173,2.19060726,-0.072459546,-0.073310938,-0.059930141
1,1441,4,1998,5.26E+06,0.13692,0.02915,-0.032471,0.74726,0.42736,132.1,-0.192327856,-0.099959547,-0.233902604,0.519735151,0.136916415,0.000747626,0.563472666,0.158710784,0.427355428,0.998129949,0.371378889,0.320380662,-0.046780123,0.029149603,-0.032470764
1,1805,14,2002,2.29E+06,-0.14527,-0.31487,-0.13488,0.41253,0.047497,59.6,-0.019485409,-0.008607314,-0.181217417,0.441731263,-0.145265868,0.000412525,0.214283067,0.03024069,0.04749717,7.569902342,0.636684044,-3.058411043,-0.15920698,-0.314874951,-0.134880767
1,2533,14,2002,2.34E+06,0.02985,-0.33696,-0.033802,0.98597,0.35453,110.54,0.007332702,0.004819042,0.013592869,0.657198728,0.029850128,0.00098662,0.313108761,0.034022047,0.354527239,0.798975655,0.095964549,0.084196994,-0.080883198,-0.336963064,-0.033802494
1,6130,22,2005,4.55E+05,0.26367,-1.073,-0.71274,0.68193,0.23049,168.71,0.08222114,0.051972501,0.225483274,0.632106303,0.263673791,0.000685408,0.647406433,0.238978496,0.230493818,1.66482835,1.03681087,1.143951682,-0.607083321,-1.072957673,-0.712741532
1,1704,21,2013,5.84E+07,0.16596,0.080833,-0.0092333,0.93291,0.85396,155.03,0.043234175,0.026254386,0.030744181,0.607260018,0.16596381,0.000932907,0.467551433,0.259163278,0.853962762,0.353162498,0.303483113,0.194345489,-0.029909152,0.080832865,-0.009233255
1,1316,14,2003,1.30E+06,-0.11433,-0.62933,0.011344,1.5194,0.48502,62.71,0.002638956,0.000965443,0.001990511,0.365843012,-0.114334217,0.001521503,0.192246427,0.088475115,0.485022924,0.632095164,0.182414296,-0.235729513,0.001845429,-0.629331311,0.011344345
1,1438,14,2003,1.28E+06,-0.36857,-0.67506,-0.12598,0.13202,0.095178,26.14,0.020768098,0.016587817,0.174282338,0.798716215,-0.368567115,0.000132019,0.130472546,0.091794979,0.09517784,5.243233706,0.964457465,-3.872404681,-0.206156168,-0.67505782,-0.12598055
1,4113,14,2003,2.43E+05,0.70162,-0.54919,-0.29621,30.705,0.35128,1221.45,-8.497017195,-0.596846551,-1.699045703,0.07024189,0.701617807,0.030763832,0.764181484,0.732223847,0.3512834,0.178100295,2.084424849,1.997298498,-0.33111217,-0.549191508,-0.296208959
1,5501,14,2003,1.15E+06,0.20117,-0.19157,-0.21571,0.3008,0.87187,131.79,-0.00097017,-0.000709104,-0.000813315,0.730907201,0.201170022,0.0003008,0.833954089,0.1388297,0.871868559,0.725779203,0.159232374,0.230734346,-0.230552649,-0.191571917,-0.215713605
1,2523,14,2004,1.04E+07,0.4006,0.11103,0.055792,0.83244,0.91409,177.59,-0.028961615,-0.015232842,-0.016664476,0.525966602,0.400602151,0.000832438,0.916922577,0.317869838,0.914090705,0.564845943,0.347744306,0.438252078,0.029749869,0.111032778,0.0557921
1,3489,14,2008,1.20E+06,0.32693,0.15097,0.062319,0.63756,1.4637,203.87,-0.236911109,-0.104593735,-0.071457184,0.441489366,0.326928715,0.000639452,0.641678799,0.391299808,1.463725954,0.215033479,0.267331332,0.223353773,0.063234332,0.150966247,0.06231891
1,5324,14,2006,3.82E+05,0.13694,-2.7275,-0.28843,0.30362,1.6662,117.45,-0.056391482,-0.050537398,-0.030330152,0.896188503,0.136944942,0.000306539,0.92163773,0.424337802,1.666242818,0.470935436,0.254667445,0.082187866,-0.334808954,-2.727504631,-0.288434167
1,5506,14,2007,4.91E+06,0.33823,0.031776,-0.017689,0.28871,1.0592,162.75,0.031248466,0.020621914,0.019468477,0.659933642,0.33823358,0.000288714,0.87727844,0.299994253,1.05924638,0.508894692,0.283214802,0.319315304,-0.02651843,0.0317759,-0.017689143
1,6242,22,2007,6.08E+05,0.34135,-0.45039,-0.22988,5.2537,1.1765,172.21,0.309719906,0.146831901,0.12479896,0.474079639,0.341348454,0.005253722,0.814070137,0.395817955,1.17654747,0.401787174,0.336423277,0.290127226,-0.250265097,-0.450391029,-0.229880957
1,3312,29,2015,4.33E+06,0.29681,-0.020828,-0.092994,0.23995,3.4708,143.34,0.057332882,0.039298262,0.011322695,0.685440195,0.296809833,0.000240287,0.981710414,0.743557031,3.470751701,0.197334941,0.214235156,0.085517449,-0.108867571,-0.020827573,-0.092994236
1,5467,29,2011,8.79E+05,0.37848,-0.69258,0.10612,0.64725,1.0866,185.11,0.037732229,0.016786189,0.015448962,0.444876679,0.378479671,0.000647248,0.823197013,0.401011109,1.086557733,0.409290117,0.369065625,0.348329095,0.070116396,-0.692577953,0.106116391
1,1462,4,1999,6.97E+07,0.067515,0.023608,0.032856,0.2777,0.2239,119.46,-0.006103098,-0.003784171,-0.016901254,0.620041051,0.067514719,0.000277703,0.414452835,0.046793351,0.223898849,1.549530595,0.208993261,0.301541162,0.007725709,0.023607601,0.03285559
1,1466,4,1999,4.09E+06,-0.21489,-0.32833,-0.29461,0.38736,0.64769,53.5,-0.054714225,-0.032131613,-0.049609189,0.587262513,-0.214891645,0.000387772,0.247275687,0.087269484,0.647694788,0.713557282,0.134738593,-0.331779179,-0.327967098,-0.328325195,-0.29460685
1,1407,4,2000,6.95E+07,-0.22937,-0.074277,-0.029129,0.087646,0.43465,50.99,-0.003135151,-0.002185039,-0.005027103,0.696948754,-0.229372282,8.76E-05,0.238670083,0.116178825,0.434651744,1.076821551,0.267291749,-0.527715085,-0.06762426,-0.074277485,-0.029129163
1,1408,4,2000,2.45E+07,-0.12833,-0.080807,-0.040305,0.069652,0.40728,68.2,-0.002710359,-0.001786309,-0.004385975,0.659067258,-0.128325958,6.97E-05,0.275232203,0.045811302,0.407277423,0.99086799,0.112481812,-0.315082426,-0.076366209,-0.080806908,-0.040305365
1,1491,4,2000,2.44E+06,-0.14843,-0.24069,-0.23363,1.0485,0.83372,69.08,0.02564667,0.017313253,0.02076637,0.675068253,-0.148434164,0.001049105,0.331638524,0.153348701,0.833715894,0.575822882,0.183934003,-0.178039264,-0.25487145,-0.24068991,-0.233634346
1,1450,4,2003,4.19E+06,-0.27901,-0.59323,-0.27657,0.056461,0.27082,25.68,-0.002304118,-0.001734808,-0.006405706,0.752916384,-0.279008246,5.65E-05,0.096403186,0.048796262,0.270822357,1.386190695,0.180178115,-1.030226043,-0.311052048,-0.593228993,-0.276566283
1,1449,4,2008,8.46E+06,-0.090324,-0.11132,-0.033907,0.054922,0.7641,84.36,-0.015410309,-0.011713908,-0.015330245,0.760134536,-0.090323732,5.51E-05,0.487260773,0.084232017,0.764104416,0.755897352,0.110236266,-0.118208625,-0.089540802,-0.11132009,-0.033907249
1,1456,4,2009,3.08E+06,-0.079547,-0.10387,-0.061223,0.091259,0.61887,84.77,0.001141729,0.000931568,0.001505283,0.815927108,-0.079547099,9.13E-05,0.442781749,0.114703779,0.618865269,0.844010601,0.185345317,-0.128537022,-0.083861899,-0.103865079,-0.061223017
1,4402,4,2007,1.80E+06,-0.074053,-0.11696,-0.039907,0.39362,0.34745,75.59,0.001283438,0.000638126,0.001836602,0.497200231,-0.074053068,0.000394732,0.229262302,0.034195995,0.347449161,0.872977704,0.09842014,-0.213133536,-0.07019105,-0.116958841,-0.03990697
1,4413,4,2007,6.58E+05,-0.59535,-2.5494,-0.089528,3.4822,0.22203,10.75,-0.018234946,-0.015527497,-0.069932749,0.851524192,-0.595352384,0.003483941,0.07172999,0.049331932,0.222034707,3.004405859,0.222181174,-2.681348302,-0.125416973,-2.549426111,-0.089528433
1,4414,4,2007,3.47E+06,0.42983,-0.027257,-0.0038873,0.28398,0.6198,257.39,-0.01839222,-0.011336379,-0.018290431,0.616368167,0.429830354,0.000284445,0.702925153,0.164082697,0.61979833,0.440618803,0.264735623,0.693500343,-0.024319178,-0.027257056,-0.003887326
1,4419,4,2012,4.60E+05,0.20114,-0.22249,-0.045211,2.2416,1.1093,154.9,-0.099335235,-0.036394488,-0.032808237,0.366380453,0.201137613,0.002241581,0.567518066,0.297371932,1.10930948,0.330277943,0.268069404,0.181317853,-0.038132629,-0.222492841,-0.045211206
1,2491,26,2003,2.23E+07,0.078682,0.0081748,0.022357,0.97037,0.36104,130.54,-0.079930598,-0.028114914,-0.07787168,0.351741576,0.078682293,0.000970372,0.336348292,0.147860837,0.361041581,0.713674028,0.409539633,0.217931388,0.005554441,0.008174844,0.022357267
1,2342,24,2001,6.77E+07,-0.0077795,-0.28214,-0.26178,1.5306,0.18654,97.27,0.060308252,0.032062958,0.171886722,0.531651255,-0.007779455,0.001530621,0.277329854,0.14046783,0.186535398,1.528446145,0.753035786,-0.041704982,-0.305975874,-0.282141058,-0.261778894
1,4503,5,2005,9.95E+05,0.0475,-0.069423,0.02016,1.3438,0.99165,115.14,0.073902208,0.031961937,0.032231048,0.432489608,0.047500498,0.001346086,0.36133036,0.129726974,0.991650562,0.316472227,0.130819241,0.047900439,0.002305547,-0.069422799,0.020159709
1,2333,26,2004,1.29E+07,-0.043209,-0.17092,-0.070473,0.51836,0.40542,86.13,0.037518692,0.021735206,0.05361131,0.579316743,-0.043208657,0.000518497,0.268303943,0.121252268,0.405422038,0.768366222,0.299076657,-0.106576982,-0.080984942,-0.170915682,-0.070473323
1,2371,5,2007,3.25E+08,0.024005,-0.03461,0.053241,0.34883,0.70554,106.61,-0.020238433,-0.012635066,-0.017908488,0.624310463,0.024004578,0.000348826,0.387110944,0.267458355,0.705535041,0.514653908,0.379085857,0.034023226,0.032286158,-0.034609512,0.053240766
1,2418,31,2005,4.16E+07,0.15017,0.15551,0.12973,1.3779,0.80416,144.96,0.0123059,0.007133704,0.00887096,0.579697824,0.150170588,0.001377906,0.484177314,0.281180026,0.804163627,0.415346722,0.34965524,0.186741333,0.090068334,0.155513678,0.129725288
1,2373,31,2006,9.52E+06,0.17359,0.14065,0.068363,1.5589,1.1298,156.9,-0.052235356,-0.023737912,-0.021010786,0.454441472,0.173591183,0.001559088,0.478673085,0.25708391,1.129796483,0.270032618,0.227548867,0.153648188,0.039115879,0.140650566,0.068363082
1,2329,24,2002,2.82E+07,-0.19393,-0.20427,-0.08723,0.35614,0.5016,47.16,0.002696536,0.001784007,0.003556637,0.661592165,-0.193934589,0.000356138,0.173058303,0.086012466,0.501599444,0.731645333,0.171476399,-0.386632384,-0.117323151,-0.20426514,-0.087230401
1,2450,27,2006,5.73E+06,0.3618,0.11737,0.071646,2.2401,3.0833,194.42,0.056325155,0.027422391,0.008893753,0.486858698,0.361800849,0.002240065,0.745001048,0.443695945,3.083331778,0.124281208,0.14390146,0.117340875,0.048688992,0.11737048,0.07164591
1,2904,20,2003,1.79E+06,-0.11821,-0.26382,0.029962,0.52076,0.20372,43.81,0.008577227,0.005026406,0.024672627,0.586017614,-0.118210816,0.000520757,0.092153206,0.062740931,0.203724001,1.032593219,0.307970249,-0.580249826,0.001589581,-0.263818426,0.029962256
1,9936,20,2003,4.99E+06,-0.21658,-0.1217,-0.092154,0.28858,0.72662,65.49,-0.085018693,-0.059458612,-0.081829226,0.699359279,-0.216579408,0.000288866,0.410930111,0.167539988,0.726618284,0.863602709,0.230574969,-0.298064902,-0.119921122,-0.121700067,-0.092154161
1,2496,20,2005,5.60E+05,-0.53235,-0.55002,-0.2338,0.1921,0.17145,31.94,-0.090087077,-0.071200579,-0.415285403,0.790352859,-0.532350341,0.000194358,0.249809326,0.074290665,0.17144975,4.562034442,0.433308677,-3.104993385,-0.266438631,-0.550017415,-0.233803396
1,5398,20,2006,5.86E+05,0.58404,-0.16876,-0.014924,2.6374,0.3892,331.69,-0.00146672,-0.000371731,-0.000955114,0.253443625,0.584035018,0.002637404,0.836109378,0.334434884,0.38920037,0.647672457,0.859287169,1.500602423,-0.016603404,-0.168762341,-0.014923795
1,6236,20,2006,1.47E+05,0.75381,-3.2256,-0.86994,10.259,2.212,575.07,-0.404975635,-0.06425839,-0.029049409,0.158672237,0.753805041,0.010301787,0.912477278,0.67579153,2.212037766,0.071731252,0.305506326,0.340774038,-0.881284083,-3.225582626,-0.869936786
1,8925,20,2011,7.14E+06,0.50032,0.016949,0.0083457,1.3835,0.47548,268.28,-0.088759022,-0.043097092,-0.090640022,0.485551675,0.500323973,0.001383802,0.797632924,0.20621958,0.475475303,0.625287894,0.433712496,1.052260696,0.002162015,0.016948606,0.008345667
1,3043,31,2009,4.76E+06,0.38155,0.018551,-0.029641,2.8294,0.58339,206.21,-1.13542165,-0.425177566,-0.728809802,0.374466671,0.381545128,0.002829379,0.740781711,0.390301473,0.583386179,0.615778356,0.669027631,0.654018114,-0.04012254,0.018550751,-0.029640999
1,6199,20,2012,6.11E+05,0.61322,-0.3319,0.0021844,31.18,0.010888,1006.01,0.047439176,0.003311047,0.304105881,0.069795622,0.613216677,0.031180349,0.68089991,0.360845152,0.010887809,6.216423522,33.14212664,56.32140171,0.002166427,-0.331897236,0.002184439
1,2348,20,2013,1.66E+06,0.48252,-0.10162,0.20665,4.0665,0.52539,200.23,0.468363357,0.267053027,0.508296509,0.570183433,0.482515689,0.004066483,0.963914193,0.526616217,0.525388276,0.916271881,1.002337206,0.918398281,0.203649151,-0.101621724,0.206653392
1,6123,25,2003,9.35E+05,0.47306,-0.16179,-0.15469,0.56293,1.2898,241.31,0.028816752,0.01926179,0.014934342,0.668423342,0.473059256,0.000562933,0.807833206,0.465943116,1.289764923,0.25956199,0.361262047,0.36677944,-0.161794118,-0.161794118,-0.154688668
1,1785,31,2015,2.12E+07,-0.1026,-0.11961,-0.046463,0.47155,2.8989,83.5,0.004015367,0.003113793,0.001074116,0.775469165,-0.102604983,0.000471551,0.519216793,0.136302155,2.898935123,0.214500066,0.047018008,-0.035394025,-0.049910247,-0.119614206,-0.046463182
1,2396,26,2007,1.88E+07,-0.33167,-0.22855,-0.11348,0.72686,0.36366,38.24,-0.014238417,-0.007790175,-0.021421573,0.547123686,-0.331673975,0.000726856,0.205380477,0.103775273,0.363660288,1.47680258,0.285363226,-0.912043425,-0.15286147,-0.22855397,-0.113479046
1,2438,26,2007,1.23E+07,-0.17772,0.045605,0.026978,0.33291,1.1295,72.23,-0.017048656,-0.011270276,-0.009978537,0.661065326,-0.177722778,0.000333035,0.462183424,0.23029575,1.129451656,0.566563605,0.203900493,-0.157353152,0.007616398,0.045604709,0.026978295
1,2475,26,2007,2.31E+08,0.0051993,0.022754,0.057698,0.81169,0.68883,101.59,-0.057291394,-0.032165724,-0.046696378,0.561440755,0.005199326,0.000811698,0.332168463,0.256991226,0.68882695,0.474675297,0.373085324,0.007548087,0.037283071,0.022753861,0.057698172
1,5432,26,2007,1.53E+06,0.42864,0.041911,0.055432,2.4521,1.5719,208.93,-0.176569052,-0.071861002,-0.045715558,0.406985259,0.428638647,0.002452147,0.822120642,0.428807487,1.571915646,0.250320045,0.272792938,0.272685527,0.036000851,0.041910901,0.055431834
1,2381,26,2008,1.11E+07,-0.33665,-0.15592,-0.08784,0.21493,0.99577,42.4,-0.174225014,-0.113286973,-0.11376812,0.650233687,-0.336652379,0.000214926,0.247780906,0.086260637,0.99577081,0.586915462,0.086626999,-0.338082193,-0.173495759,-0.155919205,-0.087840025
1,3051,26,2008,1.75E+07,0.042111,-0.21239,-0.13836,0.031834,0.63092,118.79,-0.068580209,-0.051736851,-0.082002334,0.754399142,0.04211114,3.19E-05,0.26625142,0.087702723,0.630919242,0.355259858,0.139007843,0.06674569,-0.212385523,-0.212385523,-0.138357096
1,6167,26,2009,2.72E+06,-0.17857,-0.37208,-0.22545,0.51036,0.67679,68.62,-0.057652722,-0.042372626,-0.062608295,0.734963148,-0.178573712,0.000510865,0.390465498,0.216618919,0.676789326,0.840792234,0.320068462,-0.263854208,-0.267618829,-0.372075346,-0.225454142
1,5414,25,2006,9.29E+05,-0.0060751,-0.54085,-0.29379,0.27654,1.9934,99.06,-0.114391378,-0.093090041,-0.046698915,0.813785462,-0.006075139,0.000276541,0.639522,0.372278328,1.993409088,0.323865855,0.186754606,-0.003047613,-0.329535923,-0.540845674,-0.293790372
1,3481,26,2010,7.11E+08,-0.075186,-0.0073307,-0.012289,0.65711,0.69312,78.81,0.050509807,0.031842397,0.045940449,0.630420092,-0.075185977,0.000657113,0.27967386,0.175389587,0.693123345,0.511972132,0.25304239,-0.108474166,-0.019980499,-0.007330746,-0.012289001
1,8266,26,2010,1.93E+06,-0.21134,-0.1074,-0.10274,0.9292,1.0756,56.49,-0.098171469,-0.061948259,-0.057593282,0.631021006,-0.211342617,0.000929205,0.274446479,0.241638977,1.075616067,0.451638007,0.224651699,-0.196485181,-0.144138983,-0.107396424,-0.102740347
1,3701,25,2007,3.53E+07,-0.038699,-0.031525,0.013957,0.078797,1.6461,93.86,-0.025180761,-0.020325407,-0.012347904,0.807180022,-0.038699209,7.88E-05,0.592034594,0.3858025,1.646061308,0.383177588,0.23437918,-0.023510187,-0.012586748,-0.031525422,0.01395707
1,8053,26,2011,7.91E+06,-0.083573,-0.023938,-0.076999,0.61184,0.82036,76.01,0.010091008,0.003785464,0.004614384,0.375132392,-0.083572798,0.000611842,0.264838271,0.027403822,0.82036178,0.424704169,0.033404557,-0.1018731,-0.087817684,-0.023937742,-0.076998823
1,2341,25,2009,1.60E+06,-0.27212,-1.0276,-0.22604,0.44495,1.1411,66.98,-0.023489659,-0.020156447,-0.017664029,0.85809876,-0.272122663,0.000445674,0.552022081,0.348866637,1.141101381,0.722236217,0.305727995,-0.238473696,-0.249604757,-1.027571391,-0.22604266
1,2442,25,2009,4.40E+06,0.089337,0.052026,0.085295,1.3523,2.0731,115.03,0.125595448,0.075237669,0.036292687,0.599047734,0.08933653,0.001352346,0.683753025,0.498286967,2.073080684,0.286730999,0.240360624,0.04309361,0.076107149,0.052026437,0.085294573
1,2384,26,2013,8.22E+07,-0.2048,-0.10405,-0.11289,0.34379,0.92905,65.53,0.020177161,0.013714561,0.014761945,0.679707165,-0.204804354,0.000343812,0.389265567,0.229153516,0.929048372,0.639439172,0.24665402,-0.220445308,-0.124417874,-0.104045584,-0.112888187
1,2361,25,2014,4.49E+05,-0.62031,-1.3733,-0.050993,0.33848,0.43409,28.55,-0.074519154,-0.06716398,-0.154725324,0.90129821,-0.620308186,0.000340947,0.247886791,0.059835664,0.434085241,2.000056428,0.13784312,-1.429000867,-0.087621359,-1.373318785,-0.050993142
1,6235,25,2015,2.46E+06,0.17195,-0.2241,0.018505,1.2128,0.71231,142.56,0.12464011,0.057861748,0.081230675,0.464230561,0.171946639,0.001212768,0.575961405,0.472140256,0.712314011,0.567186325,0.662826013,0.241391629,0.019300664,-0.22409705,0.018504735
1,2417,25,2016,4.89E+06,0.41872,0.08526,-0.00039022,2.8864,0.51158,400.26,0.009982902,0.001457692,0.00284941,0.146018886,0.418717259,0.002887836,0.558170912,0.488408844,0.511576855,0.272595703,0.954712549,0.818483587,-0.006181555,0.085259779,-0.000390216
1,6116,26,2014,4.56E+07,0.17143,0.049259,0.014219,2.6195,0.51942,197.57,-0.075610694,-0.016536713,-0.031836599,0.218708652,0.171431608,0.002619473,0.347130401,0.217622768,0.519424608,0.338256583,0.418968922,0.330041368,0.011867957,0.049259469,0.014218977
1,3383,26,2015,8.59E+06,0.068028,-0.2154,-0.21627,0.57784,0.29797,136.77,-0.092854253,-0.047266445,-0.158628365,0.509039091,0.068027755,0.000578069,0.253033005,0.133177838,0.297969689,0.620886139,0.446950956,0.228304278,-0.224660269,-0.215400454,-0.216266594
1,3584,26,2015,3.58E+06,-0.75395,-0.57524,-0.70067,0.14891,1.1722,30.07,-0.41489517,-0.469133838,-0.400211928,1.130728608,-0.753953699,0.00014891,0.324137148,0.191012392,1.172213531,0.919705171,0.162950168,-0.643188019,-0.732452704,-0.575240894,-0.700668163
1,5259,26,2017,5.99E+05,-0.65697,-0.57826,-0.16549,0.54729,0.3391,29.64,0.00212737,0.002010381,0.005928659,0.945007332,-0.656965677,0.00054729,0.276785193,0.191087925,0.339095312,2.753653137,0.563522755,-1.937407134,-0.229538747,-0.578255524,-0.165490191
1,5346,24,2007,2.24E+08,-0.037453,0.0012447,-0.059277,0.89296,0.34553,84.17,-0.175880519,-0.094729044,-0.274156319,0.538598841,-0.037453131,0.000892962,0.199197763,0.139360792,0.345529309,0.684893836,0.403325531,-0.108393499,-0.054856215,0.001244697,-0.059277235
1,5387,24,2007,1.69E+08,0.0023383,-0.0041332,-0.043025,0.63008,0.28344,101.34,-0.100661297,-0.055187455,-0.194703573,0.54824899,0.002338275,0.000630082,0.176691283,0.08494121,0.283443461,0.615124468,0.299676026,0.00824953,-0.04441558,-0.004133168,-0.04302523
1,3021,28,2003,4.51E+06,0.049696,-0.078697,-0.095933,0.43814,0.8469,107.72,-0.005783638,-0.004382135,-0.005174303,0.757678001,0.049695561,0.000438137,0.69348842,0.412909502,0.846903536,0.760172596,0.487551987,0.058679127,-0.109222744,-0.078697138,-0.095932767
1,3073,24,2011,9.87E+05,0.53815,-0.1323,-0.071245,1.5533,0.98948,719.46,0.151271851,0.056649166,0.057251213,0.374485834,0.538148325,0.001555989,0.625022674,0.39523892,0.989484117,0.087797619,0.399439378,0.543867573,-0.090013812,-0.132302317,-0.071244932
1,2388,24,2013,1.02E+07,0.0027845,-0.1773,-0.10313,2.0287,0.59547,100.58,0.013821385,0.009208804,0.015464782,0.666272153,0.002784464,0.002028703,0.483031922,0.260148621,0.595469366,0.806502374,0.43687994,0.004676083,-0.124685447,-0.177298154,-0.103132148
1,5321,28,2004,3.90E+06,-0.20712,-0.13084,-0.066606,0.34984,0.80875,61.04,0.005475785,0.003569605,0.004413756,0.65188921,-0.207123306,0.000349836,0.324468535,0.228023262,0.808745597,0.657304155,0.281946836,-0.2561044,-0.100995077,-0.130840724,-0.06660604
1,3519,24,2017,1.51E+07,-0.30415,-0.041155,-0.029355,0.79216,0.78412,49.27,0.019787074,0.012671042,0.016159495,0.640369678,-0.304153567,0.000792155,0.29534199,0.094627957,0.78412366,0.76454211,0.12067989,-0.387889797,-0.042779545,-0.041155451,-0.029355033
1,6174,28,2005,1.13E+06,-0.066923,-0.55581,-0.7671,0.77988,1.4048,89.33,-0.00464181,-0.002961521,-0.002108149,0.638009999,-0.066923302,0.000781267,0.560510214,0.307047359,1.404797045,0.446636415,0.218570618,-0.047639125,-0.763744071,-0.555807194,-0.767097806
1,6114,28,2006,1.41E+06,-0.16141,-0.1596,-0.11574,0.51652,0.55505,68.99,-0.114423345,-0.086769811,-0.156327423,0.758322619,-0.161408707,0.000516516,0.359024248,0.273031423,0.555051756,0.937629597,0.491902637,-0.290799381,-0.125321083,-0.159601417,-0.115740386
1,3144,28,2007,1.94E+06,-0.069085,-0.19302,-0.18932,1.1191,0.34933,87.02,-0.159425976,-0.091016013,-0.260546797,0.570898265,-0.069085283,0.001120025,0.463266608,0.219780027,0.349326931,1.523936013,0.629152829,-0.197766839,-0.21252294,-0.193021388,-0.189318529
1,3369,28,2007,2.13E+06,0.11023,-0.010957,-0.015892,1.7526,0.41441,129.61,-0.073663729,-0.035409822,-0.085445623,0.480695482,0.110233171,0.001753573,0.482518715,0.21866655,0.414413527,0.898343126,0.527653023,0.265998004,-0.023552946,-0.010956745,-0.015891992
1,3099,28,2008,5.01E+06,-0.0059954,-0.18014,-0.11611,0.076106,0.56275,99.05,-0.17258855,-0.112774307,-0.200398053,0.653428671,-0.005995374,7.64E-05,0.625243483,0.095781988,0.562751509,1.121700869,0.170202987,-0.010653679,-0.237660392,-0.180140231,-0.116108421
1,3191,28,2014,8.41E+05,0.47823,0.010856,-0.084863,5.3159,0.8006,338.19,-0.839485406,-0.170240659,-0.212640274,0.202791684,0.478226815,0.005321768,0.678999139,0.434575851,0.800604025,0.250776062,0.542809976,0.597332514,-0.090981701,0.010856284,-0.084863007
1,6165,28,2014,6.71E+05,0.2738,-0.67585,-0.12426,5.8068,0.3742,215.78,0.24476834,0.065679783,0.175520597,0.268334469,0.273796229,0.005806781,0.510281617,0.441628657,0.374199859,0.631976156,1.180194611,0.731684478,-0.196478708,-0.675849122,-0.124259129
0,2204,12,1993,1.78E+07,0.11145,0.2783,0.13477,3.1442,1.5147,125.25,-0.144499271,-0.070995462,-0.046871679,0.491320559,0.111449568,0.003144294,0.552838231,0.294506712,1.514677171,0.291407748,0.194435301,0.07357975,0.108544969,0.278303347,0.134773058
0,1319,12,1994,3.65E+06,-0.068508,0.11178,0.077748,3.9853,1.0323,83.34,-0.001780722,-0.000962094,-0.000932004,0.540283018,-0.068508086,0.003985328,0.342750821,0.252598365,1.032284655,0.398396804,0.244698363,-0.066365499,0.051627889,0.111777649,0.077747967
0,2319,13,1991,2.77E+06,0.12773,0.083234,0.099725,2.9138,1.8485,121.4,0.00851048,0.005449591,0.002948143,0.640338901,0.127726422,0.002914331,0.724608085,0.418930464,1.848482571,0.322903593,0.226634792,0.069097985,0.064723654,0.083233834,0.099724991
0,1108,1,2000,9.65E+06,0.17642,0.023867,-0.036717,0.30189,0.32904,142.97,0.014826767,0.008151672,0.024774074,0.549794328,0.176415664,0.000302083,0.587016132,0.143923047,0.329040438,1.247872361,0.437402309,0.536151923,-0.0453081,0.023867455,-0.036717026
0,1905,9,1997,9.62E+06,0.11083,0.0068481,0.013348,2.6448,0.4822,182.1,0.030373117,0.011085,0.022988575,0.364960887,0.110832216,0.00264477,0.245824071,0.115727966,0.482196029,0.279952232,0.240001906,0.229848878,0.006883414,0.006848061,0.013348312
0,2207,12,1999,1.89E+07,0.15534,0.23866,0.081299,1.242,2.8626,139.53,-0.052167582,-0.023319961,-0.008146472,0.447020163,0.155339855,0.001241992,0.548322735,0.476219428,2.862584083,0.137282563,0.166359979,0.054265604,0.046117805,0.238655398,0.081298673
0,2103,11,1999,1.24E+07,0.06473,0.081063,-0.0073044,1.3961,0.51078,135.49,-0.011576713,-0.004292956,-0.008404712,0.370826867,0.064730081,0.001396066,0.247111554,0.139619621,0.510779651,0.357064876,0.273346091,0.126727994,-0.019613544,0.081063281,-0.007304386
0,2470,13,2005,1.07E+07,0.31543,0.038633,0.054734,0.21133,2.7149,151.15,-0.003885115,-0.002884214,-0.001062378,0.742375324,0.315429138,0.000211332,0.932051249,0.510736214,2.714865705,0.227128034,0.188125775,0.116185908,0.023610957,0.038633242,0.054734411
0,2394,13,2005,2.34E+07,0.094258,0.096528,0.095272,2.0956,1.5704,118.59,-0.090475564,-0.04709631,-0.029990358,0.520541763,0.094258286,0.002095711,0.601421935,0.411751611,1.570381689,0.322955656,0.262198429,0.060022533,0.070240585,0.096528124,0.095272452
0,1603,6,1998,6.78E+06,0.09208,-0.048289,-0.070769,1.2914,0.48228,120.89,-0.00136285,-0.000649526,-0.001346771,0.476594059,0.092079905,0.001291414,0.532934686,0.232475316,0.482284305,0.9140973,0.482029611,0.190924532,-0.082303848,-0.048288534,-0.070769191
0,1605,6,2001,8.61E+07,0.1582,0.032161,-0.00071362,1.0778,0.44254,194.41,0.053647287,0.018273352,0.041292299,0.340620237,0.158204906,0.001077799,0.325782224,0.225342741,0.44253655,0.378674525,0.509207073,0.357495684,-0.01749971,0.03216113,-0.000713616
0,1609,6,2005,1.57E+07,0.28317,0.075971,0.047744,0.5145,1.0029,193.66,0.086749074,0.045245256,0.045112801,0.521564707,0.283168376,0.000514498,0.585492303,0.329821128,1.002936073,0.30143888,0.328855584,0.282339407,0.030455753,0.075970821,0.047743817
0,1608,6,2007,1.48E+07,0.45632,0.081127,0.09005,1.9799,1.6005,393.2,-0.027804563,-0.006533023,-0.004081939,0.234962267,0.456324754,0.001979909,0.611959189,0.251599463,1.600470533,0.097242924,0.157203434,0.285119122,0.081067035,0.081127133,0.090050051
0,1611,6,2000,6.10E+06,0.24662,0.13276,0.04296,1.999,0.55839,322.21,-0.008597334,-0.001968867,-0.003525944,0.229009013,0.246622076,0.00199898,0.357608266,0.251585891,0.558394337,0.198759518,0.450552368,0.441662925,0.037033655,0.132758009,0.042959603
0,6180,32,2007,3.32E+06,0.41238,0.11917,0.14314,5.6937,1.0542,269.19,0.120733698,0.029659957,0.028135629,0.245664276,0.412377768,0.00569494,0.656110305,0.628219779,1.054177842,0.231206279,0.595933394,0.39118425,0.115309646,0.119172523,0.143137838
0,4506,5,1997,6.61E+06,0.27847,0.26044,0.11376,4.633,0.72926,182.22,-0.05755336,-0.020862919,-0.028608232,0.362496981,0.27847384,0.004633454,0.617165442,0.317991245,0.729262783,0.464430119,0.436044801,0.381856646,0.088421861,0.260437395,0.113757296
0,9945,20,1992,1.05E+07,0.18362,0.13117,0.091858,1.2305,0.23931,128.03,0.018000279,0.012471738,0.052115798,0.692863583,0.183616836,0.001230624,0.838633276,0.125565952,0.239308203,2.737124898,0.52470392,0.767281833,0.057165472,0.131170686,0.091858267
0,2905,18,1998,1.32E+07,-0.048565,0.12419,0.060183,1.6409,1.5921,89.55,-0.054531183,-0.031043105,-0.019498626,0.56927254,-0.048564988,0.001641059,0.416063236,0.120750557,1.59206631,0.291839743,0.075845181,-0.030504375,0.035185368,0.124188685,0.060183359
0,5704,16,2007,8.08E+05,0.305,0.11273,0.022368,20.583,0.33348,551.09,-0.839865256,-0.07003112,-0.209999035,0.083383757,0.305004609,0.020582605,0.372619114,0.352963231,0.333483057,0.202752443,1.058414284,0.914603014,0.019813031,0.11273085,0.022368234
0,2339,13,1998,2.42E+07,0.11219,-0.024416,-0.038089,1.7029,0.16114,177.07,-0.329331874,-0.155594854,-0.965573589,0.472456106,0.112188085,0.001703013,0.257756201,0.219610363,0.161142409,0.90335075,1.362834056,0.696204589,-0.040356866,-0.024416097,-0.03808867
0,1229,2,1998,1.10E+07,0.054711,0.11713,0.028729,3.9418,0.2829,141.63,0.008642238,0.002212346,0.007820302,0.255992221,0.054711284,0.003941805,0.186146595,0.12441342,0.282897728,0.464603631,0.439782323,0.193395982,0.016164445,0.117128039,0.028729447
0,1220,2,1997,2.28E+06,0.41019,0.13188,0.05356,8.3646,0.86235,397.98,1.18081539,0.193619972,0.224525067,0.163971417,0.410188559,0.008367295,0.547843413,0.413453903,0.862353477,0.159626948,0.479448294,0.475661744,0.037401282,0.131882732,0.053559629
0,1233,2,1997,1.36E+06,0.11752,0.098677,0.10734,3.0117,0.73222,140.37,-0.001873137,-0.000710626,-0.000970503,0.379377612,0.117524674,0.00301171,0.408659226,0.259899999,0.732224443,0.397602887,0.354945811,0.16050362,0.068693137,0.098677311,0.107340498
0,3007,13,2004,8.60E+06,0.32506,0.32511,0.21446,4.8359,1.1246,193.15,-0.314442601,-0.127191146,-0.113095482,0.404497183,0.325063257,0.004835894,0.674036098,0.486094449,1.124635075,0.310298735,0.432224158,0.289038875,0.19163361,0.32511184,0.214459026
0,8012,13,2004,2.61E+05,0.26147,-0.17095,-0.1473,1.9704,0.59549,255.94,-0.789714977,-0.155098162,-0.260453864,0.196397646,0.261467609,0.001989894,0.429140676,0.240842772,0.595491885,0.281570702,0.404443415,0.439078374,-0.170899171,-0.170952812,-0.147297277
0,2912,18,2002,2.91E+07,-0.18962,0.13482,0.11381,2.4464,2.7894,53.64,-0.027768499,-0.015833487,-0.005676322,0.570195988,-0.189621275,0.002446416,0.219413627,0.090059965,2.789391833,0.146639456,0.032286595,-0.067979433,0.089984939,0.134817771,0.11380672
0,3258,13,1999,2.36E+07,0.12104,-0.037062,-0.036899,0.32875,0.84115,127.99,0.075776792,0.057925203,0.068864299,0.764418772,0.121044709,0.000328748,0.553435377,0.256890501,0.841149958,0.514047066,0.305403928,0.143903841,-0.085393792,-0.037061871,-0.036899062
0,1702,2,1999,6.87E+06,0.022635,-0.049989,-0.01363,0.36427,0.64903,110,0.008687447,0.005920634,0.009122323,0.681515983,0.022635373,0.000364272,0.248900049,0.150890314,0.649027001,0.34862136,0.23248696,0.034875858,-0.049476426,-0.049988511,-0.013630293
0,1232,2,1999,3.44E+06,0.058455,0.07956,0.064061,1.0085,1.5345,120.57,0.002832111,0.001365488,0.000889869,0.482145024,0.058454734,0.001008458,0.342657105,0.186805971,1.534481477,0.185210688,0.121738824,0.038094128,0.032223371,0.079560292,0.064061247
0,1227,2,2001,7.20E+06,0.13881,0.078436,0.045467,0.7218,0.87454,167.23,0.041737902,0.019054299,0.021787708,0.456522678,0.138814401,0.000722109,0.34530151,0.207789228,0.874543526,0.236108442,0.237597354,0.158727836,0.024789119,0.078435836,0.04546659
0,1210,2,2002,1.38E+07,0.053831,0.064773,0.03584,0.52894,2.0185,111.12,0.00566315,0.003190691,0.001580689,0.563412782,0.053830649,0.000528942,0.537855003,0.312460256,2.018544563,0.239788788,0.154794827,0.026668051,0.016519848,0.064773306,0.035839549
0,1215,2,2001,4.83E+06,0.19494,0.071128,0.035199,0.63107,2.6339,154.43,0.018949014,0.008644811,0.003282158,0.456214311,0.194942805,0.000631528,0.553071923,0.329037869,2.633880118,0.135970166,0.12492515,0.074013545,0.020039727,0.071128085,0.035198521
0,1234,2,2013,2.23E+07,0.29102,0.6035,0.044299,3.0988,0.29299,449.21,-0.761698971,-0.154935059,-0.528810359,0.203407205,0.291016485,0.003098824,0.374353101,0.254129065,0.292987942,0.284437016,0.867370388,0.9932712,0.013987618,0.603498287,0.04429942
0,1213,2,2004,7.00E+05,0.31069,0.11854,0.0081021,4.0758,0.94325,329.53,0.126464367,0.022220666,0.023557599,0.17570693,0.310689076,0.004083957,0.446050025,0.353362189,0.94324832,0.143505104,0.374622654,0.329382062,0.007168648,0.118540712,0.008102074
0,1235,2,2006,9.60E+05,0.43148,0.10325,0.024242,2.1187,0.67218,282.46,-0.13252295,-0.042683664,-0.063499887,0.322085071,0.431481103,0.00212192,0.667960269,0.279743127,0.672184879,0.351806732,0.41616992,0.641908375,0.014889796,0.103250293,0.024242279
0,1312,3,1999,2.43E+07,-0.10876,0.010762,0.0083049,0.79772,0.42466,68.18,-0.123640139,-0.080488249,-0.189535134,0.650988013,-0.108762,0.000797724,0.233088676,0.139689278,0.424661364,0.804995945,0.328942753,-0.256114658,-0.029393018,0.010761758,0.008304863
0,2022,10,1997,5.41E+06,0.19423,0.034333,0.029105,3.9481,0.2222,212.86,0.522205848,0.145208835,0.653519153,0.27806819,0.194229895,0.003948135,0.366325255,0.311126496,0.222195224,0.774523217,1.400239348,0.874140726,0.017048954,0.034333123,0.029104972
0,2027,10,1997,4.07E+06,0.25833,0.028359,0.048162,1.1069,0.65974,160.75,0.040941897,0.020095279,0.030459273,0.490824332,0.258332877,0.00110693,0.683570245,0.206040133,0.659742579,0.644550439,0.312303828,0.391566173,0.013623497,0.028359413,0.048162028
0,2020,10,1997,3.37E+06,0.034269,0.074983,0.050691,1.7048,1.0125,107.81,0.036338127,0.019765042,0.019521864,0.543920222,0.034268924,0.001704791,0.472858203,0.317724187,1.012456705,0.43319312,0.313815085,0.033847299,0.021387468,0.074983029,0.050691164
0,2013,10,1997,4.88E+06,0.16275,0.074191,0.048669,0.93931,1.1873,133.85,0.012664906,0.006162142,0.00518984,0.48655253,0.162745223,0.000939733,0.643553063,0.40068851,1.187347248,0.404942902,0.337465312,0.13706624,0.023864307,0.074190519,0.048668908
0,6157,13,2003,1.23E+06,0.20508,-0.20069,-0.21149,2.0951,0.52733,168.21,-0.014600792,-0.004961793,-0.00940923,0.339830397,0.205081754,0.002095052,0.505752591,0.258847109,0.52733253,0.570173127,0.490861257,0.388904044,-0.215757939,-0.20068563,-0.211489416
0,2487,13,2003,2.16E+06,0.50418,0.091451,0.045554,8.4044,0.54667,784.06,-0.127891178,-0.011050608,-0.020214427,0.086406337,0.504176865,0.008409724,0.577880223,0.530205537,0.546669389,0.134822543,0.969883348,0.922270161,0.033574546,0.091450685,0.045553656
0,2366,13,2003,1.42E+07,0.11114,0.06625,0.029242,0.86394,1.1582,125.31,0.00027163,0.00017156,0.000148131,0.631595639,0.111137231,0.000863941,0.550202442,0.243546351,1.158165001,0.379104196,0.210286402,0.095959756,0.024052489,0.066249761,0.029242197
0,5494,13,2003,1.08E+06,0.30421,0.082588,0.10962,4.5624,0.7361,228.17,0.082903795,0.021622951,0.029375116,0.260819797,0.304212712,0.004562438,0.54156311,0.460613424,0.73609755,0.322444217,0.625750519,0.413277713,0.092741249,0.082588097,0.109622796
0,6181,13,2002,2.28E+06,0.23577,0.042427,0.077733,0.63467,2.8498,138.18,0.0269323,0.017485542,0.006135803,0.649240576,0.235765322,0.000634672,0.853292596,0.510086782,2.849755864,0.216694799,0.178993151,0.082731761,0.035684932,0.042427171,0.077732994
0,2389,13,2002,8.33E+06,0.091627,0.0038886,-0.013957,0.62184,0.37505,129.44,0.085648148,0.039162778,0.104420767,0.457251896,0.09162689,0.000622104,0.402813867,0.228577978,0.37504779,0.829726199,0.609463604,0.244307238,-0.013642708,0.003888636,-0.013957185
0,5436,13,2000,5.10E+06,-0.059786,-0.047345,0.011216,0.65895,0.27381,83.42,-0.115117552,-0.068184931,-0.249018727,0.592306992,-0.059785733,0.00065928,0.300858777,0.08036782,0.273814472,1.317112674,0.293511951,-0.218343951,0.000807876,-0.047345392,0.011215871
0,2386,13,2000,8.14E+06,0.46553,0.15903,0.13041,9.5529,1.4871,254.02,0.573333988,0.175046386,0.117709394,0.305313114,0.465525838,0.009552909,0.767770143,0.582316113,1.487106331,0.203243238,0.391576648,0.313041393,0.126476968,0.159033386,0.130414853
0,2370,13,2000,4.53E+06,0.31846,0.15042,0.15018,2.8027,0.7263,221.11,-0.224349648,-0.06746384,-0.092887414,0.300708472,0.318460324,0.002802691,0.581410431,0.240759132,0.726296887,0.362042178,0.331488591,0.438471278,0.130194087,0.150415161,0.150175214
0,2544,13,2000,4.07E+06,0.11961,0.14557,0.13678,1.6772,0.86187,132.51,0.004973445,0.001870986,0.002170837,0.376195154,0.119606057,0.001677183,0.487485663,0.07224172,0.861873196,0.426837275,0.08381943,0.13877454,0.120584038,0.14557096,0.136783859
0,5332,13,2000,2.73E+06,-0.092932,0.024885,0.056047,0.74727,0.39664,69.42,-0.031185782,-0.011720737,-0.029549761,0.375835922,-0.092932488,0.000748241,0.21097546,0.116833269,0.396644061,0.766198157,0.294554439,-0.234296936,0.034214342,0.024884853,0.056047145
0,2008,10,1999,1.22E+07,-0.26117,-0.020365,0.037787,0.43598,0.5799,51.37,-0.0094716,-0.006020415,-0.010381792,0.635628152,-0.261167753,0.00043611,0.275936969,0.130806106,0.579901359,0.926200143,0.22556613,-0.450365823,0.00171783,-0.020364956,0.037786777
0,2015,10,1999,1.10E+07,0.037132,0.072928,0.058509,1.7482,0.82482,113.77,0.007596357,0.002927743,0.003549551,0.385414054,0.037131684,0.00174843,0.306708898,0.115133311,0.824820445,0.326831393,0.139585909,0.045017899,0.034415737,0.072928093,0.05850909
0,2058,10,1999,1.31E+07,-0.17322,0.037314,0.050231,0.34541,0.48035,68.89,-0.001400987,-0.00083296,-0.001734073,0.594552043,-0.173219254,0.000345408,0.383496259,0.04359196,0.480348561,1.158982368,0.090750684,-0.360611582,0.006287317,0.03731394,0.050230643
0,2006,10,2000,2.67E+07,-0.0058486,0.035158,0.052388,0.47674,0.6016,97.93,0.012034644,0.00715552,0.011894179,0.594576758,-0.005848647,0.000476803,0.277067516,0.098972296,0.601598441,0.470274096,0.164515545,-0.009721845,0.019474418,0.03515764,0.052388178
0,2010,10,2000,1.32E+07,0.19062,0.06972,0.041475,0.72694,0.8771,166.8,-0.001240526,-0.000542938,-0.000619014,0.437668076,0.190623049,0.000726937,0.475987088,0.230651475,0.877102724,0.325348481,0.262969739,0.217332639,0.02646018,0.069719774,0.041475329
0,2012,10,2000,7.87E+06,-0.059218,-0.05969,-0.034412,0.16948,0.64852,88.82,-0.006642613,-0.00422332,-0.006512288,0.635791928,-0.059217713,0.000169678,0.470464652,0.203390524,0.64851551,0.81676129,0.313624764,-0.091312717,-0.062626916,-0.059690148,-0.034412491
0,2031,10,2000,3.11E+06,0.23652,0.016841,0.060377,0.49737,1.0882,150.7,-0.01524584,-0.008237747,-0.00757021,0.540327543,0.236521643,0.000497367,0.703010028,0.356882887,1.088179511,0.428686977,0.327963248,0.217355354,0.015632303,0.016840995,0.060377356
0,5007,10,2000,5.55E+06,0.13599,-0.050243,-0.021894,0.30306,0.89749,169.54,-0.010598288,-0.00753465,-0.00839526,0.710930836,0.135990838,0.000303062,0.33155306,0.157387082,0.897488588,0.217899397,0.175363882,0.151523752,-0.049780392,-0.05024337,-0.02189381
0,2034,10,2001,2.78E+06,0.089556,0.034454,0.0044165,0.48096,1.0026,126.76,-0.011254561,-0.005909382,-0.005893868,0.525065499,0.089555535,0.000481643,0.424252028,0.166379657,1.002632188,0.333817821,0.165942865,0.089320427,-0.002594056,0.034453707,0.004416478
0,2033,10,2001,1.44E+06,0.0069955,0.059255,0.04505,0.54129,0.60831,101.62,0.033180596,0.015947057,0.026215134,0.480613954,0.006995532,0.000542734,0.439865696,0.279842129,0.608314923,0.711588928,0.460028381,0.011499852,0.029506856,0.059255081,0.045049776
0,2612,15,1999,4.60E+06,-0.0014694,0.089242,0.075824,0.94055,0.47556,98.91,-0.052212053,-0.023679849,-0.049793619,0.453532235,-0.001469424,0.000941034,0.132990048,0.123164768,0.475559906,0.282739293,0.258988966,-0.003089882,0.046134526,0.089242195,0.075823759
0,1325,3,2000,1.64E+06,0.32179,0.17364,0.13004,1.7919,0.2795,1131.2,-0.74484056,-0.224226289,-0.802230659,0.301039312,0.321791333,0.001791853,0.352996947,0.206029632,0.279503515,0.111646592,0.737127158,1.151296191,0.116045155,0.173638886,0.13004498
0,1321,3,2002,4.19E+06,0.13784,0.037052,-0.0021403,1.0079,0.9647,193.19,-0.000839436,-0.000346933,-0.00035963,0.413292992,0.137837771,0.001008477,0.285747089,0.13849754,0.964695102,0.153322348,0.143566127,0.142882213,-0.010520056,0.0370522,-0.002140254
0,1305,3,2013,1.15E+07,0.29209,0.13134,0.089744,1.4693,1.2349,260.68,-0.002934142,-0.001322281,-0.001070725,0.450653417,0.292088199,0.001469485,0.473868479,0.288541057,1.234939984,0.147197664,0.233647838,0.236520157,0.070907684,0.131343284,0.089744033
0,1324,3,2005,1.35E+06,0.34632,0.13212,0.032906,1.1857,0.86506,209.92,0.251695579,0.082333498,0.095176564,0.327115391,0.346317404,0.00118572,0.661384531,0.472781326,0.865060625,0.364213926,0.546529702,0.400338882,0.027115243,0.132119395,0.032905916
0,5608,15,2006,1.14E+07,0.12426,0.18916,0.15144,1.596,0.28453,241.3,0.095631828,0.048930558,0.171970522,0.511655581,0.124256429,0.001596178,0.212195415,0.148287941,0.284528754,0.309068889,0.521170315,0.436709565,0.123676789,0.189157096,0.151438157
0,2501,14,1997,2.76E+07,0.67267,0.15097,0.095978,8.6078,0.21208,410.59,0.007086676,0.00168317,0.007936348,0.237511979,0.672665408,0.008607752,0.889239142,0.053470703,0.212083749,1.021170815,0.252120697,3.17169708,0.091048766,0.15096575,0.095977684
0,2504,14,1997,1.97E+07,0.23964,0.081018,0.052661,4.0635,0.40923,209.06,0.003830952,0.001146274,0.002801076,0.299213977,0.239636003,0.00406347,0.459365726,0.161232356,0.409226452,0.536939198,0.393992996,0.585582878,0.044335744,0.081017843,0.052661433
0,2516,14,1997,6.16E+06,0.23194,-0.0080446,-0.049568,1.7428,0.58594,145.6,0.010177807,0.005407006,0.009227968,0.531254579,0.23194418,0.001743142,0.740574984,0.279215234,0.585936812,0.868064259,0.476527893,0.395851865,-0.044237178,-0.00804463,-0.049567664
0,5301,16,2012,5.99E+05,0.089113,-0.68647,0.060114,1.3797,0.80133,111.13,0.02346593,0.018804709,0.023466761,0.80136221,0.089113177,0.001379736,0.889949276,0.617275146,0.801333817,0.999378888,0.770309618,0.111206061,-0.029722765,-0.686467925,0.060113607
0,5902,18,2004,3.70E+06,0.11783,-0.057202,-0.085409,0.66476,1.7235,137.54,-0.145384089,-0.065390252,-0.037939931,0.449775848,0.117834854,0.000665365,0.431737288,0.071335582,1.723520569,0.182128627,0.041389458,0.068368696,-0.096701007,-0.057202324,-0.085408608
0,1716,22,2003,6.53E+06,0.30775,0.25903,0.1063,4.2642,0.49002,251.62,-0.078930997,-0.017609616,-0.035936793,0.223101399,0.307750357,0.004264202,0.510725431,0.329678119,0.490016346,0.414221026,0.672790044,0.628041003,0.095217056,0.259027326,0.106303418
0,2594,14,1998,6.94E+06,0.18599,0.058462,0.054781,0.60866,0.34893,124.11,0.018100302,0.013981004,0.040067776,0.772418277,0.185988757,0.000608656,0.957256961,0.051615458,0.348933876,2.210356341,0.147923322,0.533020065,0.048570005,0.058461607,0.054781433
0,5511,14,1998,1.76E+06,0.52761,0.12653,0.08974,2.9744,1.5633,247.89,0.058311615,0.020847318,0.013335845,0.357515708,0.527605291,0.002975973,0.884369703,0.455067245,1.563254381,0.228219039,0.291102491,0.337504438,0.064171654,0.126533162,0.089739538
0,2511,14,1998,2.42E+07,0.25687,0.056042,0.058353,0.77145,0.22525,151.07,0.004608117,0.002645961,0.011746758,0.574195817,0.256867112,0.000771526,0.759854791,0.085452611,0.225250352,2.233016172,0.379367271,1.140362753,0.025282826,0.056041909,0.058353164
0,2534,14,1998,1.65E+07,0.5913,0.11535,0.063391,3.2446,0.24837,287.05,0.106659809,0.03685566,0.14839209,0.345544029,0.591297116,0.003244552,0.907416495,0.066224144,0.248366744,1.2727927,0.266638533,2.380741904,0.060082343,0.115354006,0.063390979
0,2536,14,1998,1.35E+07,0.48192,0.12884,0.028225,0.64965,0.1353,203.02,-0.007275775,-0.003959623,-0.029265577,0.544220176,0.481921657,0.000649647,0.949707288,0.015667065,0.135299681,3.45740379,0.115795287,3.561883164,0.029525078,0.128836382,0.028225481
0,1717,21,2000,1.63E+07,0.1514,0.14563,0.0847,1.4022,0.82714,165.4,-0.001880226,-0.000895261,-0.001082361,0.476145457,0.151401329,0.001402283,0.382906674,0.233368638,0.827136926,0.27988757,0.282140273,0.183042643,0.0489831,0.145634886,0.084699501
0,1725,21,2000,2.13E+06,0.033678,0.04071,0.056615,0.898,1.4008,105.08,-0.020490745,-0.014882257,-0.010624442,0.726291659,0.033677788,0.000898649,0.696161887,0.571556978,1.400756585,0.472947339,0.408034475,0.02404257,0.022485618,0.040709585,0.056614938
0,1514,5,1999,3.60E+06,0.36694,0.075839,0.06578,2.6826,0.81122,234.01,-0.112817936,-0.036095711,-0.044495431,0.319946564,0.36693627,0.002683476,0.640755585,0.414592949,0.811222872,0.337538948,0.511071573,0.452324857,0.045202316,0.075839229,0.065779645
0,3130,30,2007,1.42E+06,0.58653,0.25796,0.20284,11.331,1.2001,331.28,0.460740521,0.118019503,0.098339903,0.256151777,0.586532361,0.011333768,0.840130649,0.810942492,1.200118157,0.211311101,0.675718876,0.488728845,0.169938073,0.257960086,0.202838728
0,5211,30,2007,5.90E+05,0.5133,0.19158,0.16262,16.67,0.73634,581.7,-0.35559191,-0.044575548,-0.060536243,0.125355913,0.513295889,0.016670272,0.619856211,0.49218517,0.736344808,0.144715249,0.668416704,0.697086315,0.136351927,0.191577745,0.162623383
0,1410,4,1995,1.35E+06,0.22492,0.18443,-0.0072859,13.366,0.45453,316.96,-0.75418915,-0.122152704,-0.268747813,0.161965608,0.224917306,0.013370407,0.328583351,0.272037627,0.454525389,0.228075367,0.5985092,0.494839916,0.018743047,0.184431849,-0.007285866
0,1452,4,1995,2.30E+06,0.26409,0.17662,0.082414,3.3306,1.2572,208.65,0.218478817,0.068748591,0.054683881,0.314669366,0.264092203,0.003331996,0.507157848,0.290231448,1.257200283,0.19333884,0.230855379,0.210063748,0.072871992,0.176617262,0.082414048
0,2527,14,1999,1.12E+07,0.32098,0.079106,0.075793,1.301,0.21408,190.05,0.121684546,0.04469176,0.208757994,0.367275561,0.32097888,0.001301193,0.677438607,0.094293632,0.214084064,1.665045588,0.440451428,1.499312341,0.046149197,0.079105665,0.075793332
0,5512,14,1999,1.22E+07,0.33141,0.12229,0.07345,0.61143,0.35252,165.98,-0.004462573,-0.002518403,-0.007143969,0.564338775,0.331407766,0.000611431,0.833698721,0.05225822,0.352521554,1.424851756,0.148241205,0.940106393,0.070899365,0.122288952,0.073450466
0,2538,14,1999,9.01E+06,0.47852,0.083567,0.052637,0.71944,0.18531,201.82,-0.23912951,-0.122914244,-0.663277152,0.514007006,0.478516541,0.000719652,0.948466437,0.091397996,0.18531355,2.535971583,0.4932073,2.582199421,0.048705456,0.083566503,0.052637401
0,2543,14,1999,3.18E+06,0.026462,0.058721,0.08075,0.43781,1.0212,104.2,0.006280382,0.004419168,0.004327448,0.703646363,0.026462195,0.000437813,0.656960928,0.308874297,1.021194904,0.617412729,0.30246361,0.025912972,0.047969251,0.058720736,0.080749932
0,1436,14,1999,5.93E+06,0.19543,0.020338,0.0024742,1.3198,0.1737,201.37,-0.002148622,-0.000740625,-0.004263846,0.344697672,0.195429229,0.001319784,0.388223963,0.042461875,0.173698782,1.109937168,0.244456952,1.125104194,0.001140771,0.020337687,0.002474199
0,2358,20,1997,1.16E+07,0.30874,0.060188,0.037528,1.2273,1.372,155.41,-0.095636631,-0.05490397,-0.040018315,0.574089335,0.308740459,0.001227256,0.865883647,0.428369134,1.371971035,0.406089614,0.312228992,0.22503424,0.023800437,0.060188299,0.037528168
0,5522,14,2000,3.02E+07,0.26441,0.081433,0.097209,1.1979,0.36829,139.11,0.007149242,0.004989396,0.013547418,0.697891657,0.264406997,0.001197871,0.940464226,0.090608054,0.368291318,1.835658882,0.246022781,0.717928945,0.06314359,0.081432947,0.097209454
0,2520,14,2000,1.76E+07,0.32791,0.10961,0.037409,0.33648,0.34547,161.98,0.044354938,0.024447484,0.070764896,0.551178408,0.327912842,0.000336578,0.856995553,0.046338399,0.345474738,1.531465698,0.134129631,0.949165905,0.03066149,0.109614287,0.037409079
0,5508,14,2000,4.99E+06,0.56538,0.09186,0.009625,1.5214,0.32915,309.96,0.033628423,0.013490443,0.040986234,0.401161939,0.565384617,0.001521861,0.83467122,0.024656968,0.32914572,0.818137945,0.074912011,1.717733464,0.006524703,0.091859885,0.009625
0,5521,14,2000,5.11E+06,0.20511,-0.0072106,-0.017273,0.11177,1.0637,133.94,0.019969311,0.012249278,0.011515687,0.613405135,0.205113699,0.000111771,0.809531878,0.264598662,1.06370361,0.568220483,0.248752246,0.192829748,-0.02929664,-0.007210643,-0.017273025
0,5524,14,2000,2.01E+06,0.18435,-0.037513,-0.036792,0.21047,0.44869,129.7,-0.014578452,-0.009050091,-0.020169934,0.620785451,0.184348713,0.00021047,0.805134164,0.024940037,0.448692141,1.383544293,0.055583851,0.410857906,-0.045480469,-0.037513389,-0.036792044
0,2542,14,2001,6.29E+06,0.40811,-0.027164,-0.043144,0.14857,0.41371,178.42,-0.061075653,-0.033060361,-0.079910979,0.54130181,0.408107685,0.000148867,0.928521454,0.075458212,0.413714884,1.25790439,0.182391824,0.986446709,-0.055977891,-0.027164372,-0.043143909
0,9902,20,1998,6.21E+06,-0.056856,0.040962,0.041963,2.0262,0.51389,87.57,0.108382581,0.057969932,0.112805927,0.534863922,-0.056856277,0.002026464,0.400484054,0.230801479,0.513890836,0.889956191,0.449125501,-0.110638823,0.002263681,0.040962069,0.041962589
0,1444,4,1998,1.39E+07,0.084436,0.079984,0.01489,2.0772,0.41174,169.36,0.203317096,0.057186175,0.138887572,0.281265946,0.084436385,0.002077171,0.206170472,0.14229068,0.411744365,0.295654532,0.345580152,0.205069922,0.005982299,0.079984426,0.014889661
0,1443,4,1998,5.12E+06,0.10029,0.063799,-0.023624,2.1118,0.40576,149.96,0.003108572,0.000915172,0.002255446,0.294402584,0.100287896,0.002112422,0.301017454,0.126374003,0.405760854,0.494699172,0.311449471,0.247160107,0.034948854,0.063799233,-0.023623701
0,2546,14,2002,2.33E+06,0.22626,0.068733,0.018086,0.21916,1.6577,135.06,-0.024532428,-0.016217057,-0.009783017,0.661045745,0.226261548,0.000219161,0.871680486,0.478896932,1.657674482,0.389352038,0.288896848,0.136493353,0.00241087,0.068733446,0.018086256
0,5520,14,2002,2.15E+06,0.16361,0.30234,0.04407,1.8238,0.71578,196.64,-0.008892802,-0.002566059,-0.003584988,0.28855463,0.163606896,0.001825407,0.332893615,0.255905315,0.715779003,0.236506965,0.357520009,0.228571801,0.017615145,0.302343761,0.04406956
0,1777,22,2005,4.38E+05,0.50935,0.21335,0.15187,7.9076,0.64553,577.32,0.402872813,0.069096447,0.107038896,0.171509331,0.509349699,0.007907559,0.616059564,0.387139198,0.645526528,0.165306707,0.59972624,0.78904534,0.132891306,0.21334895,0.151869255
0,1722,21,2013,6.65E+07,0.072591,0.58352,0.039641,4.1989,0.24078,239.14,0.020196813,0.004793443,0.019750731,0.237336591,0.073170263,0.004222857,0.125756576,0.052987603,0.242696969,0.216674784,0.218328243,0.301488163,0.038606426,0.581579931,0.040140435
0,5455,14,2003,1.43E+06,0.062103,-0.14677,-0.12308,0.56373,0.38071,112.35,-0.049597695,-0.034140499,-0.089675866,0.688348487,0.062103233,0.000564745,0.564887928,0.365808698,0.380709994,1.32065011,0.960859196,0.163124777,-0.14676962,-0.14676962,-0.123083044
0,5206,14,2003,1.16E+06,-0.082802,0.0026059,0.033832,0.96669,0.58283,81.27,0.002298048,0.00126026,0.002162316,0.548404504,-0.082802191,0.000968261,0.359232741,0.173566777,0.582828913,0.758429999,0.297800561,-0.142069463,0.002605859,0.002605859,0.033832208
0,3056,14,2003,6.18E+05,0.55682,0.079527,0.019227,2.377,0.791,606.54,-0.021516317,-0.008455999,-0.010690251,0.393004009,0.556821788,0.00237697,0.666748156,0.532475375,0.791000991,0.138971214,0.673166508,0.703945753,0.014946541,0.079526542,0.019227158
0,6186,14,2003,1.05E+06,0.37095,0.010858,0.0092748,1.9868,0.87385,223.7,-0.050795289,-0.021221089,-0.024284718,0.41777671,0.370954507,0.001986802,0.670839973,0.18636665,0.8738454,0.343179086,0.213271878,0.424508165,0.000883223,0.010857942,0.009274789
0,2547,14,2004,1.00E+07,-0.01013,0.031494,0.072702,1.1067,0.34461,98.5,-0.006399983,-0.004596749,-0.013339036,0.718243885,-0.010130273,0.001106847,0.664027073,0.01374518,0.344608755,1.956297789,0.039886336,-0.029396448,0.060518044,0.031494467,0.07270193
0,3266,14,2008,1.14E+06,0.82952,0.030125,0.001511,5.1432,0.28782,720.12,-2.435869621,-0.335336821,-1.165079065,0.137666162,0.829520498,0.005149574,0.963288906,0.637521215,0.287823232,0.464758899,2.214974835,2.882048449,0.001604079,0.030125234,0.001510961
0,9946,14,2006,4.09E+05,0.2893,0.058165,0.029358,1.6248,0.81208,282.72,-0.162841079,-0.046368623,-0.057098589,0.284747704,0.289295952,0.0016248,0.447620493,0.182737712,0.812080028,0.194961747,0.225024266,0.356240693,0.016724234,0.058165181,0.029357982
0,5525,14,2007,4.72E+06,0.25281,0.18576,0.10452,2.0439,0.48921,153.74,0.000317146,0.000150922,0.0003085,0.475876879,0.252810319,0.002044322,0.723239601,0.012766165,0.489213923,0.961602398,0.02609526,0.516768447,0.098710387,0.185757845,0.104524812
0,4123,22,2007,6.49E+05,0.34757,0.20913,0.19217,7.514,0.46192,251.3,-0.090230092,-0.024707322,-0.053488372,0.273825743,0.347565487,0.007519643,0.577278388,0.410633812,0.461919499,0.497300724,0.888972674,0.752437356,0.17670567,0.209134512,0.192173369
0,3055,29,2015,4.33E+06,0.50304,0.33521,0.16298,1.8087,0.67775,288.6,0.302397472,0.09181359,0.135468206,0.303618907,0.503036877,0.00180871,0.769755051,0.500987516,0.677750098,0.393534689,0.739192097,0.742215868,0.139139795,0.335212261,0.162983295
0,8084,29,2011,8.45E+05,0.33972,-0.05647,0.042261,0.63833,3.3916,159.91,-0.007131666,-0.004219329,-0.001244063,0.591633084,0.339724678,0.000638328,0.906792363,0.701557032,3.39157247,0.167199047,0.206853027,0.100167306,0.018033963,-0.056469638,0.042260774
0,1434,4,1999,3.31E+07,0.036353,0.13044,0.065528,1.7537,0.48058,112.87,-0.003622366,-0.001652499,-0.003438547,0.456193117,0.036353399,0.00175367,0.318751107,0.153998004,0.480580454,0.587617963,0.320441671,0.075644773,0.050620919,0.130437338,0.065527916
0,1418,4,1999,3.93E+06,0.13378,0.025585,-0.070373,1.5932,0.38348,162.54,-0.136046595,-0.038404781,-0.100148738,0.282291378,0.133776619,0.001594057,0.347666194,0.17831631,0.383477433,0.557763133,0.464998185,0.348851348,-0.065060995,0.025585201,-0.070373048
0,1440,4,2000,3.10E+07,0.11338,0.06014,0.006776,0.4544,0.38284,194.91,0.014455304,0.005700241,0.014889275,0.394335648,0.113375416,0.000454484,0.232830483,0.072301557,0.382842119,0.312021748,0.188854761,0.296141439,0.000476778,0.060140416,0.006775977
0,1409,4,2000,2.25E+07,-0.073106,-0.036246,-0.019206,0.35762,0.63081,73.8,0.02179038,0.011011294,0.017455872,0.505328229,-0.073105864,0.000357615,0.205944649,0.096015362,0.630807433,0.442370363,0.152210258,-0.115892522,-0.045675067,-0.036246014,-0.019206261
0,1453,4,2000,2.39E+06,0.062522,-0.20808,-0.15619,0.43494,0.29918,114.29,0.041483532,0.020852399,0.069697771,0.502666914,0.062521596,0.000435774,0.499981362,0.112142323,0.299183152,1.462180486,0.374828335,0.208974321,-0.168273377,-0.208083797,-0.156193
0,1446,4,2003,4.06E+06,0.014816,0.018502,0.031313,0.95713,0.91439,105.66,6.78E-05,2.24E-05,2.45E-05,0.331003309,0.014816429,0.00095787,0.276689962,0.133045351,0.914389609,0.286391632,0.145501819,0.016203628,0.018501553,0.018501553,0.031312823
0,1455,4,2008,8.79E+06,-0.033903,-0.074358,-0.13114,0.50075,1.5601,90.32,-0.00022308,-9.72E-05,-6.23E-05,0.435737279,-0.033903059,0.000501015,0.316280275,0.07665943,1.560074977,0.224465707,0.049138298,-0.021731685,-0.13281756,-0.074357719,-0.131142667
0,1474,4,2009,3.16E+06,0.21489,0.07157,0.016953,0.69101,0.86324,161.76,-0.020999193,-0.009327012,-0.010804676,0.444160506,0.214891545,0.000691012,0.562830873,0.285058727,0.863238453,0.403062823,0.330220144,0.248936484,0.00443783,0.071569701,0.016953136
0,1439,4,2007,1.67E+06,0.19471,-0.0059862,0.0067741,3.2443,0.27798,3030.67,0.08151873,0.017026799,0.061251366,0.208869777,0.19471473,0.00324721,0.201358765,0.179992283,0.277982356,0.023900922,0.64749535,0.700457154,0.005402585,-0.005986162,0.006774051
0,4420,4,2007,6.30E+05,0.51315,0.36742,0.12272,5.9585,1.3234,570.54,-0.321106262,-0.049867229,-0.037682442,0.155298215,0.513149311,0.005968746,0.622205504,0.391295377,1.323354491,0.082408903,0.295684474,0.387764061,0.093653824,0.367423611,0.122717381
0,1468,4,2007,3.50E+06,0.16325,0.022925,-0.0090547,1.5718,0.50936,159.96,-0.019324645,-0.008091907,-0.015886315,0.418735101,0.163246912,0.001572531,0.435508738,0.097373484,0.509363374,0.534513945,0.191167031,0.32049205,-0.01709601,0.022925306,-0.009054732
0,4406,4,2012,7.93E+05,0.38185,0.051515,-0.023669,1.6561,1.109,420.2,0.101336043,0.025149621,0.022677485,0.24818041,0.3818486,0.001661163,0.501100012,0.339995184,1.109012788,0.107529339,0.306574629,0.344313974,-0.020956336,0.051514613,-0.02366949
0,3049,26,2003,2.40E+07,0.049939,0.051903,0.034448,0.9981,0.28828,122.56,-0.020354302,-0.011471567,-0.039793068,0.563594231,0.049938723,0.00099817,0.271334741,0.202513515,0.288280542,0.767988071,0.702487629,0.1732296,0.039318322,0.051902666,0.034448367
0,2337,24,2001,7.05E+07,0.22613,0.056114,0.015966,3.2976,0.30281,302.64,-0.078641278,-0.030549203,-0.100887372,0.388462699,0.226130024,0.003297637,0.337724014,0.209118045,0.302805025,0.368534143,0.690602953,0.746784249,-0.012283036,0.056114483,0.015965692
0,1526,5,2005,9.97E+05,-0.11601,-0.16171,-0.1433,0.42731,0.41403,72.91,-0.026182361,-0.015551812,-0.037562394,0.59398052,-0.116008575,0.000428998,0.312231076,0.099195724,0.414026126,1.034330022,0.239588079,-0.280196268,-0.161709957,-0.16171397,-0.143301996
0,8069,26,2004,1.26E+07,0.15671,0.14726,0.14041,1.7276,0.95697,160.54,0.071387881,0.037038833,0.038704222,0.51883923,0.156711294,0.001727753,0.415550142,0.186079991,0.956971385,0.270477104,0.194446766,0.163757555,0.143654294,0.147256375,0.140409802
0,1504,5,2007,6.83E+07,0.19938,0.10111,0.061199,1.0272,0.65051,176.44,0.028550704,0.012588751,0.01935205,0.440926118,0.199378298,0.001027172,0.46021005,0.250102435,0.650512534,0.400963453,0.384469817,0.306494168,0.040664076,0.101108055,0.061198722
0,2312,31,2005,4.23E+07,0.12662,0.094606,0.036767,0.89852,1.5282,130.99,-0.007017246,-0.003519487,-0.002303055,0.501548119,0.126615564,0.000898571,0.535128532,0.345392045,1.528181569,0.267319654,0.226015058,0.082853744,0.030215318,0.09460613,0.036766578
0,2359,31,2006,8.95E+06,0.34168,0.04307,0.082168,0.93636,1.3296,181.19,-0.010588608,-0.00496444,-0.003733725,0.468847254,0.341681964,0.000936356,0.762501252,0.541000324,1.329621255,0.316495609,0.406883029,0.256976912,0.115041037,0.043069892,0.082167941
0,5347,24,2002,2.64E+07,0.061092,-0.45092,-0.11603,1.3869,0.31446,123.55,0.166893457,0.091190441,0.289994475,0.54639914,0.061091755,0.001386859,0.320490424,0.244718923,0.314455789,0.824913003,0.778229982,0.194277725,-0.123047462,-0.450919755,-0.11603271
0,2485,27,2006,5.68E+06,0.38135,0.17687,0.14688,5.6444,1.0085,227.88,0.297424922,0.092683525,0.091905579,0.311619902,0.381347562,0.005644929,0.679552491,0.52253059,1.008464621,0.295701924,0.518144692,0.378146694,0.124451314,0.176867541,0.14687944
0,5306,20,2003,1.82E+06,0.42652,0.0050429,-0.031353,1.5737,0.75209,300.84,-0.247883855,-0.086572389,-0.115109657,0.349245773,0.426522703,0.001573706,0.638890801,0.411880938,0.752086233,0.282372005,0.547651214,0.567119414,-0.03020487,0.005042865,-0.031353104
0,1437,20,2003,5.12E+06,-0.025706,-0.027181,-0.043731,1.0495,0.26718,89.67,0.010843773,0.004975904,0.018623538,0.458872007,-0.02570552,0.001049507,0.223038943,0.128817567,0.267183601,0.930987011,0.482131263,-0.096209197,-0.042182591,-0.027181119,-0.043730781
0,8934,20,2005,5.90E+05,-0.272,-0.29749,-0.15014,0.10566,1.5411,71.6,-0.048851252,-0.047766235,-0.030994249,0.97778937,-0.271996382,0.00010566,0.685851859,0.296513775,1.541132176,0.621522447,0.192399964,-0.176491275,-0.175694993,-0.297491015,-0.150139388
0,8906,20,2006,6.20E+05,0.24581,0.069101,0.0096586,4.7896,0.37837,358.45,0.174856906,0.019029883,0.050294937,0.108831176,0.245811796,0.004789585,0.340922478,0.304844454,0.378365773,0.25137232,0.805687184,0.649667103,0.009774762,0.069101132,0.009658569
0,8913,20,2006,3.30E+05,0.44233,-0.16322,0.038393,9.1472,0.030576,720.23,-2.573322526,-0.269255699,-8.806141654,0.104633483,0.442325283,0.009147224,0.513641788,0.401493812,0.030575899,2.332441803,13.13105498,14.46646855,0.038502311,-0.163219874,0.038393274
0,8938,20,2011,7.64E+06,0.16831,0.20411,0.010378,0.98661,1.3841,136.06,-0.083219665,-0.043232245,-0.031235688,0.519495542,0.168312182,0.000986613,0.63509962,0.358700805,1.384065703,0.337258149,0.259164579,0.121607075,0.015848071,0.204111402,0.010377911
0,3305,31,2009,4.78E+06,0.55572,0.1913,0.10127,3.717,1.1207,319.04,0.110482657,0.04310848,0.038467323,0.39018323,0.555718697,0.00371695,0.809421228,0.579246254,1.120651922,0.226388342,0.516883291,0.495888765,0.082376981,0.191295448,0.101273643
0,6179,20,2012,4.29E+05,0.61499,-0.46463,-0.23794,4.978,0.65684,505.1,-0.611469947,-0.103929795,-0.158226433,0.169967135,0.614991959,0.004991703,0.766804186,0.442596089,0.656842179,0.231124359,0.673824098,0.936285729,-0.252586066,-0.464634175,-0.237943734
0,3040,20,2013,1.65E+06,0.10873,0.25396,0.026285,8.2,0.12466,210.76,-0.118625316,-0.014318517,-0.114857398,0.12070372,0.108732748,0.008200045,0.206904865,0.162810891,0.124663428,0.787497334,1.306003645,0.872210481,0.018014768,0.253956687,0.026284654
0,6276,25,2003,8.58E+05,0.20376,0.093284,0.077929,2.2309,0.87895,170.82,-0.002070128,-0.000735316,-0.000836584,0.355202853,0.203759315,0.002234164,0.491458803,0.309213585,0.878950282,0.327321686,0.351798721,0.231821207,0.059701562,0.093283691,0.077929463
0,6139,31,2015,2.31E+07,0.2552,0.08353,0.024424,0.24627,0.75887,154.24,0.012015113,0.007210052,0.009501035,0.600081867,0.255198371,0.000246267,0.725715187,0.330270415,0.75887013,0.620022844,0.435213354,0.336287279,0.012129442,0.083529705,0.024424146
0,6120,26,2007,1.81E+07,0.10366,0.04616,0.0036091,0.48836,1.2681,119.18,-0.01956109,-0.01152913,-0.0090915,0.589390954,0.103657992,0.000488358,0.644017667,0.5100123,1.268121881,0.426110205,0.402179245,0.081741348,-0.010652675,0.046159748,0.003609104
0,3452,26,2007,1.22E+07,-0.0064666,0.077985,0.078669,2.4384,0.49082,98.35,-0.167375485,-0.10672549,-0.217442244,0.63764111,-0.006466623,0.002438408,0.384763661,0.210832649,0.490822244,0.797091592,0.429549907,-0.013175081,0.062946585,0.077985473,0.078669305
0,2323,26,2007,8.59E+07,0.051604,0.028199,-0.0051221,0.98683,0.36069,126.02,0.064750687,0.025406462,0.070438652,0.392373624,0.051603663,0.000986834,0.249951635,0.154111468,0.360689209,0.549913798,0.427269418,0.143069605,-0.023105242,0.028198907,-0.005122113
0,8049,26,2007,1.52E+06,0.29014,0.010278,0.0051284,1.258,0.90776,198.31,0.027493075,0.012635337,0.01391922,0.459582545,0.290139413,0.001259466,0.58526875,0.241562652,0.907761905,0.325117561,0.266107942,0.319620609,-0.009772839,0.010277831,0.005128367
0,2340,26,2008,1.09E+07,0.20617,0.05684,0.050708,1.1893,0.6494,171.72,0.094927026,0.042481591,0.06541653,0.447518402,0.206165056,0.001189306,0.49363156,0.315413641,0.649401471,0.442663771,0.485698994,0.317469339,0.029996895,0.05683992,0.050708122
0,2393,26,2008,1.70E+07,0.10953,0.13572,0.10142,2.1996,0.66739,143.17,-0.422534609,-0.178350371,-0.267236661,0.42209648,0.109527295,0.002199776,0.363251181,0.301451732,0.667387367,0.38017484,0.451689299,0.164113527,0.08038725,0.135722327,0.101418756
0,4729,26,2009,2.93E+06,0.21465,-0.034216,-0.10342,1.3502,0.66859,162.3,0.070313697,0.037862892,0.056630861,0.538485293,0.214652962,0.001350799,0.559223613,0.41018019,0.668591136,0.515368262,0.613499294,0.321052658,-0.095947707,-0.034216421,-0.10341687
0,3213,25,2006,9.22E+05,0.58045,0.38053,0.40405,14.248,1.9817,371.42,-0.072362981,-0.018025225,-0.009096051,0.249094565,0.580449547,0.014252391,0.794307767,0.237956173,1.981653902,0.107919057,0.120079582,0.292911666,0.317939045,0.380530849,0.40404993
0,2409,26,2010,6.29E+08,0.0248,0.099032,0.020386,0.77079,0.74233,108.24,0.011686694,0.006443792,0.008680533,0.551378543,0.02479997,0.000770795,0.325727727,0.238102549,0.742326805,0.405384469,0.320751653,0.033408425,0.011771653,0.099031602,0.020385804
0,6131,26,2010,1.97E+06,0.42786,0.15731,0.044125,6.2984,0.9575,305.68,-0.123438792,-0.026292836,-0.027459792,0.213003025,0.427864683,0.006298432,0.635888011,0.445637134,0.957503109,0.217256035,0.465415861,0.446854614,0.030518525,0.157307453,0.044124654
0,2376,25,2007,3.39E+07,0.34568,0.20587,0.057595,0.98405,1.5325,182.89,-0.010923541,-0.004616082,-0.003012103,0.42258114,0.34568156,0.000984124,0.762716585,0.424848963,1.532511527,0.272125213,0.277223992,0.22556539,0.038320594,0.205866408,0.057595392
0,2486,26,2011,7.91E+06,0.31384,0.04887,-0.043242,0.7055,0.62933,244.71,-0.113764157,-0.058688888,-0.093256492,0.515882063,0.313835855,0.000705744,0.530706459,0.42438118,0.629327643,0.34460683,0.674340599,0.498684363,-0.050661672,0.048869587,-0.043242395
0,3088,25,2009,1.60E+06,0.50296,0.19368,0.055902,5.6985,1.3357,310.15,-0.028298288,-0.007293281,-0.00546042,0.257728717,0.502964598,0.005698539,0.742296961,0.481477445,1.335663175,0.179186165,0.360478191,0.376565445,0.071673321,0.193682496,0.055901796
0,6105,25,2009,4.39E+06,0.29756,0.23817,0.093554,2.323,0.74776,223.55,0.172879396,0.066315736,0.088686449,0.38359537,0.297563179,0.002323616,0.538403728,0.29827442,0.747755002,0.322084838,0.398893246,0.397942077,0.070410837,0.238169524,0.093554182
0,2448,26,2013,7.60E+07,0.23417,0.033651,0.0060535,1.8916,0.29267,196.44,0.1436162,0.053656906,0.183338926,0.373613186,0.234171894,0.001891655,0.476989016,0.37934609,0.292665105,0.829675685,1.296178067,0.800136026,0.000981038,0.033650809,0.006053461
0,6228,25,2014,4.55E+05,0.24028,-0.31152,-0.11372,7.8574,0.33979,362.48,-0.003796732,-0.001550108,-0.004562014,0.408274279,0.240277744,0.007862736,0.331817672,0.191419657,0.339785887,0.269404738,0.56335376,0.707144567,-0.129903454,-0.311521151,-0.113718566
0,3071,25,2015,2.50E+06,0.35746,-0.021761,0.0074628,0.94947,0.95834,190.05,0.136446988,0.055244804,0.05764628,0.404881083,0.357457133,0.00094947,0.754417356,0.576447034,0.958341184,0.414215971,0.601505021,0.372995691,0.002718958,-0.021760862,0.007462833
0,8050,25,2016,4.82E+06,0.39915,0.34518,0.16646,5.8574,1.0021,250.81,-0.048685517,-0.013001523,-0.012974497,0.267051148,0.399151265,0.005858214,0.663826478,0.281764922,1.002083017,0.264125036,0.281179221,0.398321554,0.137111897,0.345184844,0.166464295
0,3576,26,2014,3.73E+07,0.26743,0.012277,0.012518,1.6412,0.73893,211.13,0.150579932,0.062938862,0.085175627,0.417976423,0.267430302,0.001641264,0.50807443,0.373985731,0.738930417,0.325665479,0.506117657,0.361915405,0.006547674,0.012277119,0.012517952
0,4934,26,2015,7.99E+06,0.15288,0.059053,0.04713,2.5975,0.97917,151.37,-0.058373137,-0.019402428,-0.019815246,0.332386242,0.152882911,0.0025979,0.450472514,0.284774273,0.979166612,0.303921313,0.290833316,0.156135748,0.04170006,0.059053021,0.047129602
0,3428,26,2015,3.56E+06,0.25372,0.15919,0.10502,4.9084,0.5116,217.68,0.040383556,0.01304962,0.0255073,0.323141928,0.253716846,0.004908422,0.46931994,0.400370525,0.511603364,0.421426264,0.78257993,0.495924899,0.0809271,0.159192773,0.105016565
0,3557,26,2017,6.21E+05,0.30649,-0.37009,-0.32799,11.417,0.082509,361.91,-0.715630109,-0.083868277,-1.016469578,0.117195009,0.306490332,0.01141656,0.423509845,0.376487901,0.082509383,1.418257035,4.562970768,3.714611872,-0.370086283,-0.370086283,-0.327992748
0,2311,24,2007,1.52E+08,0.13881,0.091209,0.12421,2.8361,0.6639,159.16,0.022795587,0.009370547,0.014114439,0.411068449,0.138807068,0.002836094,0.373428096,0.24614818,0.6638979,0.353399263,0.370762101,0.209078938,0.091840912,0.091209119,0.124207302
0,3474,24,2007,1.44E+08,-0.0014041,0.063779,0.019119,1.1892,0.31849,98.98,-0.217410043,-0.108894034,-0.341905408,0.500869384,-0.001404141,0.001189193,0.135622615,0.09355552,0.318491698,0.430236509,0.293745553,-0.004408721,0.006436207,0.063779416,0.019119336
0,5349,28,2003,4.55E+06,-0.072838,-0.077791,-0.059664,1.1319,0.33003,76.69,0.012301066,0.006059873,0.018361475,0.492629896,-0.072837943,0.001132342,0.23964004,0.157844387,0.330031915,0.946811413,0.47827007,-0.220699696,-0.038249474,-0.077791169,-0.059664479
0,5344,24,2011,9.79E+05,0.42113,0.060575,0.034794,16.963,0.22613,1103.91,-0.336383548,-0.014117969,-0.062434221,0.041969856,0.421134667,0.016987101,0.463084095,0.351842016,0.226125495,0.185513924,1.555959076,1.862393568,0.03479443,0.060574892,0.03479443
0,2351,24,2013,9.59E+06,0.19312,0.19933,0.078121,1.415,0.9447,165.65,-0.001275032,-0.000691847,-0.000732347,0.542611813,0.193119904,0.001414951,0.487296143,0.25326401,0.944698931,0.311396815,0.268089654,0.204424815,0.057444712,0.199326403,0.07812077
0,3042,28,2004,4.03E+06,0.24902,0.08461,0.06955,1.5416,0.75888,190.12,-0.190992722,-0.082641756,-0.108900331,0.432695838,0.249016604,0.001541556,0.525323588,0.344326861,0.758875155,0.364100711,0.453733212,0.328139092,0.064132503,0.084610286,0.069549688
0,6182,24,2017,1.60E+07,0.16781,0.02828,0.039708,3.3168,0.39832,151.81,0.543165533,0.209330433,0.5255363,0.385389757,0.167808386,0.003316772,0.491727636,0.359609183,0.398317742,0.813218232,0.902819896,0.421292773,0.028505421,0.028279668,0.039708084
0,6203,28,2005,1.14E+06,0.56322,0.21041,0.21502,10.539,0.83234,330.56,0.350223989,0.091535812,0.109974468,0.261363626,0.563224573,0.010539257,0.807507877,0.665518999,0.832336937,0.293490884,0.799578836,0.676678576,0.147769179,0.210407007,0.21502262
0,3114,28,2006,1.41E+06,0.40356,0.2062,0.09377,1.5045,1.9042,202.81,-0.117336716,-0.049139048,-0.025805302,0.418786632,0.403562992,0.001504469,0.796108614,0.649621613,1.90422291,0.206144785,0.341147882,0.211930541,0.065218164,0.206201813,0.093770311
0,8080,28,2007,1.97E+06,0.24592,0.10451,0.10915,1.0412,1.2928,137.48,0.05935845,0.039227894,0.030342847,0.660864531,0.245917549,0.001041996,0.902051128,0.766627394,1.292821812,0.507520506,0.59298767,0.190217667,0.070402608,0.104510553,0.109154665
0,5439,28,2007,2.13E+06,0.11574,0.14345,0.11203,1.5995,1.0961,125.56,-0.025838443,-0.012992786,-0.01185353,0.502847105,0.115737306,0.001600405,0.568468241,0.47056914,1.096111111,0.413033798,0.429307882,0.105589027,0.086258666,0.143448567,0.11203204
0,8039,28,2008,4.99E+06,0.46764,0.16319,0.062106,1.3225,0.65242,286.93,0.403732548,0.12242316,0.187645788,0.303228364,0.467636974,0.001322536,0.7178008,0.520396586,0.652416243,0.383442057,0.797645049,0.716777027,0.046083848,0.163192906,0.06210604
0,8093,28,2014,8.37E+05,0.2158,-0.16499,-0.079161,1.5062,0.89109,162.7,-0.103694759,-0.038149423,-0.042811997,0.367901173,0.215796708,0.001509456,0.559984666,0.290730517,0.891091899,0.386254165,0.326263225,0.242171103,-0.075003075,-0.164992912,-0.079161487
0,8147,28,2014,6.40E+05,0.33556,0.20509,0.12248,3.1525,1.1066,184.47,0.078014488,0.031275239,0.028262346,0.400890141,0.335555823,0.003152534,0.73281385,0.571822915,1.106604512,0.358988259,0.516736476,0.303230124,0.093319565,0.205091834,0.122476462
